blockname,event_id_char,event_ts,trial_start_ts,trial_num,spout,trial_num_tastant,event_ts_rel,experiment,cohort,date,solution,solution_type,solution_value
2022_04_15_abb01,lick_02,9900,9046,1,spout02,1,854,abb,1,4/15/2022,sucrose00,sucrose,0
2022_04_15_abb01,lick_02,10147,9046,1,spout02,1,1101,abb,1,4/15/2022,sucrose00,sucrose,0
2022_04_15_abb01,lick_02,10263,9046,1,spout02,1,1217,abb,1,4/15/2022,sucrose00,sucrose,0
2022_04_15_abb01,lick_02,10398,9046,1,spout02,1,1352,abb,1,4/15/2022,sucrose00,sucrose,0
2022_04_15_abb01,lick_02,10518,9046,1,spout02,1,1472,abb,1,4/15/2022,sucrose00,sucrose,0
2022_04_15_abb01,lick_02,10677,9046,1,spout02,1,1631,abb,1,4/15/2022,sucrose00,sucrose,0
2022_04_15_abb01,lick_02,10815,9046,1,spout02,1,1769,abb,1,4/15/2022,sucrose00,sucrose,0
2022_04_15_abb01,lick_02,10967,9046,1,spout02,1,1921,abb,1,4/15/2022,sucrose00,sucrose,0
2022_04_15_abb01,lick_02,11256,9046,1,spout02,1,2210,abb,1,4/15/2022,sucrose00,sucrose,0
2022_04_15_abb01,lick_02,11407,9046,1,spout02,1,2361,abb,1,4/15/2022,sucrose00,sucrose,0
2022_04_15_abb01,lick,22657,20482,2,spout01,1,2175,abb,1,4/15/2022,sucrose10,sucrose,10
2022_04_15_abb01,lick,22807,20482,2,spout01,1,2325,abb,1,4/15/2022,sucrose10,sucrose,10
2022_04_15_abb01,lick,22850,20482,2,spout01,1,2368,abb,1,4/15/2022,sucrose10,sucrose,10
2022_04_15_abb01,lick,23116,20482,2,spout01,1,2634,abb,1,4/15/2022,sucrose10,sucrose,10
2022_04_15_abb01,lick,23251,20482,2,spout01,1,2769,abb,1,4/15/2022,sucrose10,sucrose,10
2022_04_15_abb01,lick,23371,20482,2,spout01,1,2889,abb,1,4/15/2022,sucrose10,sucrose,10
2022_04_15_abb01,lick_02,32297,32021,3,spout02,2,276,abb,1,4/15/2022,sucrose00,sucrose,0
2022_04_15_abb01,lick_02,32459,32021,3,spout02,2,438,abb,1,4/15/2022,sucrose00,sucrose,0
2022_04_15_abb01,lick_02,32595,32021,3,spout02,2,574,abb,1,4/15/2022,sucrose00,sucrose,0
2022_04_15_abb01,lick_02,32734,32021,3,spout02,2,713,abb,1,4/15/2022,sucrose00,sucrose,0
2022_04_15_abb01,lick_02,33047,32021,3,spout02,2,1026,abb,1,4/15/2022,sucrose00,sucrose,0
2022_04_15_abb01,lick_02,33465,32021,3,spout02,2,1444,abb,1,4/15/2022,sucrose00,sucrose,0
2022_04_15_abb01,lick_02,33646,32021,3,spout02,2,1625,abb,1,4/15/2022,sucrose00,sucrose,0
2022_04_15_abb01,lick_05,44335,43498,4,spout05,1,837,abb,1,4/15/2022,sucrose20,sucrose,20
2022_04_15_abb01,lick_05,44524,43498,4,spout05,1,1026,abb,1,4/15/2022,sucrose20,sucrose,20
2022_04_15_abb01,lick_05,44641,43498,4,spout05,1,1143,abb,1,4/15/2022,sucrose20,sucrose,20
2022_04_15_abb01,lick_05,44883,43498,4,spout05,1,1385,abb,1,4/15/2022,sucrose20,sucrose,20
2022_04_15_abb01,lick_05,45024,43498,4,spout05,1,1526,abb,1,4/15/2022,sucrose20,sucrose,20
2022_04_15_abb01,lick_05,45143,43498,4,spout05,1,1645,abb,1,4/15/2022,sucrose20,sucrose,20
2022_04_15_abb01,lick_05,45286,43498,4,spout05,1,1788,abb,1,4/15/2022,sucrose20,sucrose,20
2022_04_15_abb01,lick_05,45410,43498,4,spout05,1,1912,abb,1,4/15/2022,sucrose20,sucrose,20
2022_04_15_abb01,lick_05,45688,43498,4,spout05,1,2190,abb,1,4/15/2022,sucrose20,sucrose,20
2022_04_15_abb01,lick_05,45811,43498,4,spout05,1,2313,abb,1,4/15/2022,sucrose20,sucrose,20
2022_04_15_abb01,lick_05,46001,43498,4,spout05,1,2503,abb,1,4/15/2022,sucrose20,sucrose,20
2022_04_15_abb01,lick_05,46237,43498,4,spout05,1,2739,abb,1,4/15/2022,sucrose20,sucrose,20
2022_04_15_abb01,lick_05,46399,43498,4,spout05,1,2901,abb,1,4/15/2022,sucrose20,sucrose,20
2022_04_15_abb01,lick,56868,56591,5,spout01,2,277,abb,1,4/15/2022,sucrose10,sucrose,10
2022_04_15_abb01,lick,57023,56591,5,spout01,2,432,abb,1,4/15/2022,sucrose10,sucrose,10
2022_04_15_abb01,lick,57119,56591,5,spout01,2,528,abb,1,4/15/2022,sucrose10,sucrose,10
2022_04_15_abb01,lick,57300,56591,5,spout01,2,709,abb,1,4/15/2022,sucrose10,sucrose,10
2022_04_15_abb01,lick,57432,56591,5,spout01,2,841,abb,1,4/15/2022,sucrose10,sucrose,10
2022_04_15_abb01,lick,57560,56591,5,spout01,2,969,abb,1,4/15/2022,sucrose10,sucrose,10
2022_04_15_abb01,lick,57908,56591,5,spout01,2,1317,abb,1,4/15/2022,sucrose10,sucrose,10
2022_04_15_abb01,lick,58058,56591,5,spout01,2,1467,abb,1,4/15/2022,sucrose10,sucrose,10
2022_04_15_abb01,lick,58232,56591,5,spout01,2,1641,abb,1,4/15/2022,sucrose10,sucrose,10
2022_04_15_abb01,lick,58421,56591,5,spout01,2,1830,abb,1,4/15/2022,sucrose10,sucrose,10
2022_04_15_abb01,lick,58645,56591,5,spout01,2,2054,abb,1,4/15/2022,sucrose10,sucrose,10
2022_04_15_abb01,lick,58858,56591,5,spout01,2,2267,abb,1,4/15/2022,sucrose10,sucrose,10
2022_04_15_abb01,lick,59105,56591,5,spout01,2,2514,abb,1,4/15/2022,sucrose10,sucrose,10
2022_04_15_abb01,lick,59429,56591,5,spout01,2,2838,abb,1,4/15/2022,sucrose10,sucrose,10
2022_04_15_abb01,lick_05,69577,69446,6,spout05,2,131,abb,1,4/15/2022,sucrose20,sucrose,20
2022_04_15_abb01,lick_05,69754,69446,6,spout05,2,308,abb,1,4/15/2022,sucrose20,sucrose,20
2022_04_15_abb01,lick_05,69879,69446,6,spout05,2,433,abb,1,4/15/2022,sucrose20,sucrose,20
2022_04_15_abb01,lick_05,70009,69446,6,spout05,2,563,abb,1,4/15/2022,sucrose20,sucrose,20
2022_04_15_abb01,lick_05,70146,69446,6,spout05,2,700,abb,1,4/15/2022,sucrose20,sucrose,20
2022_04_15_abb01,lick_05,70409,69446,6,spout05,2,963,abb,1,4/15/2022,sucrose20,sucrose,20
2022_04_15_abb01,lick_05,70671,69446,6,spout05,2,1225,abb,1,4/15/2022,sucrose20,sucrose,20
2022_04_15_abb01,lick_05,70899,69446,6,spout05,2,1453,abb,1,4/15/2022,sucrose20,sucrose,20
2022_04_15_abb01,lick_05,71161,69446,6,spout05,2,1715,abb,1,4/15/2022,sucrose20,sucrose,20
2022_04_15_abb01,lick_05,71351,69446,6,spout05,2,1905,abb,1,4/15/2022,sucrose20,sucrose,20
2022_04_15_abb01,lick_05,71525,69446,6,spout05,2,2079,abb,1,4/15/2022,sucrose20,sucrose,20
2022_04_15_abb01,lick_05,71718,69446,6,spout05,2,2272,abb,1,4/15/2022,sucrose20,sucrose,20
2022_04_15_abb01,lick_05,71896,69446,6,spout05,2,2450,abb,1,4/15/2022,sucrose20,sucrose,20
2022_04_15_abb01,lick_05,72100,69446,6,spout05,2,2654,abb,1,4/15/2022,sucrose20,sucrose,20
2022_04_15_abb01,lick_05,72275,69446,6,spout05,2,2829,abb,1,4/15/2022,sucrose20,sucrose,20
2022_04_15_abb01,lick_04,96480,96211,8,spout04,1,269,abb,1,4/15/2022,sucrose05,sucrose,5
2022_04_15_abb01,lick_04,96685,96211,8,spout04,1,474,abb,1,4/15/2022,sucrose05,sucrose,5
2022_04_15_abb01,lick_04,96846,96211,8,spout04,1,635,abb,1,4/15/2022,sucrose05,sucrose,5
2022_04_15_abb01,lick_04,96986,96211,8,spout04,1,775,abb,1,4/15/2022,sucrose05,sucrose,5
2022_04_15_abb01,lick_04,97147,96211,8,spout04,1,936,abb,1,4/15/2022,sucrose05,sucrose,5
2022_04_15_abb01,lick_04,97349,96211,8,spout04,1,1138,abb,1,4/15/2022,sucrose05,sucrose,5
2022_04_15_abb01,lick_04,97646,96211,8,spout04,1,1435,abb,1,4/15/2022,sucrose05,sucrose,5
2022_04_15_abb01,lick_04,97763,96211,8,spout04,1,1552,abb,1,4/15/2022,sucrose05,sucrose,5
2022_04_15_abb01,lick_04,97978,96211,8,spout04,1,1767,abb,1,4/15/2022,sucrose05,sucrose,5
2022_04_15_abb01,lick_04,108166,107851,9,spout04,2,315,abb,1,4/15/2022,sucrose05,sucrose,5
2022_04_15_abb01,lick_04,108327,107851,9,spout04,2,476,abb,1,4/15/2022,sucrose05,sucrose,5
2022_04_15_abb01,lick_04,108494,107851,9,spout04,2,643,abb,1,4/15/2022,sucrose05,sucrose,5
2022_04_15_abb01,lick_04,109564,107851,9,spout04,2,1713,abb,1,4/15/2022,sucrose05,sucrose,5
2022_04_15_abb01,lick_04,109718,107851,9,spout04,2,1867,abb,1,4/15/2022,sucrose05,sucrose,5
2022_04_15_abb01,lick_04,109870,107851,9,spout04,2,2019,abb,1,4/15/2022,sucrose05,sucrose,5
2022_04_15_abb01,lick_03,121913,121584,10,spout03,2,329,abb,1,4/15/2022,sucrose30,sucrose,30
2022_04_15_abb01,lick_03,122060,121584,10,spout03,2,476,abb,1,4/15/2022,sucrose30,sucrose,30
2022_04_15_abb01,lick_03,122203,121584,10,spout03,2,619,abb,1,4/15/2022,sucrose30,sucrose,30
2022_04_15_abb01,lick_03,122338,121584,10,spout03,2,754,abb,1,4/15/2022,sucrose30,sucrose,30
2022_04_15_abb01,lick_03,122488,121584,10,spout03,2,904,abb,1,4/15/2022,sucrose30,sucrose,30
2022_04_15_abb01,lick_03,122643,121584,10,spout03,2,1059,abb,1,4/15/2022,sucrose30,sucrose,30
2022_04_15_abb01,lick_03,122802,121584,10,spout03,2,1218,abb,1,4/15/2022,sucrose30,sucrose,30
2022_04_15_abb01,lick_03,122968,121584,10,spout03,2,1384,abb,1,4/15/2022,sucrose30,sucrose,30
2022_04_15_abb01,lick_03,123084,121584,10,spout03,2,1500,abb,1,4/15/2022,sucrose30,sucrose,30
2022_04_15_abb01,lick_03,123346,121584,10,spout03,2,1762,abb,1,4/15/2022,sucrose30,sucrose,30
2022_04_15_abb01,lick_03,123505,121584,10,spout03,2,1921,abb,1,4/15/2022,sucrose30,sucrose,30
2022_04_15_abb01,lick_03,123671,121584,10,spout03,2,2087,abb,1,4/15/2022,sucrose30,sucrose,30
2022_04_15_abb01,lick_03,123937,121584,10,spout03,2,2353,abb,1,4/15/2022,sucrose30,sucrose,30
2022_04_15_abb01,lick_03,124108,121584,10,spout03,2,2524,abb,1,4/15/2022,sucrose30,sucrose,30
2022_04_15_abb01,lick_03,124277,121584,10,spout03,2,2693,abb,1,4/15/2022,sucrose30,sucrose,30
2022_04_15_abb01,lick_03,124494,121584,10,spout03,2,2910,abb,1,4/15/2022,sucrose30,sucrose,30
2022_04_15_abb01,lick,133724,133582,11,spout01,3,142,abb,1,4/15/2022,sucrose10,sucrose,10
2022_04_15_abb01,lick,133870,133582,11,spout01,3,288,abb,1,4/15/2022,sucrose10,sucrose,10
2022_04_15_abb01,lick,134025,133582,11,spout01,3,443,abb,1,4/15/2022,sucrose10,sucrose,10
2022_04_15_abb01,lick,134187,133582,11,spout01,3,605,abb,1,4/15/2022,sucrose10,sucrose,10
2022_04_15_abb01,lick,134411,133582,11,spout01,3,829,abb,1,4/15/2022,sucrose10,sucrose,10
2022_04_15_abb01,lick,134650,133582,11,spout01,3,1068,abb,1,4/15/2022,sucrose10,sucrose,10
2022_04_15_abb01,lick,134890,133582,11,spout01,3,1308,abb,1,4/15/2022,sucrose10,sucrose,10
2022_04_15_abb01,lick,135153,133582,11,spout01,3,1571,abb,1,4/15/2022,sucrose10,sucrose,10
2022_04_15_abb01,lick,135343,133582,11,spout01,3,1761,abb,1,4/15/2022,sucrose10,sucrose,10
2022_04_15_abb01,lick_04,160132,159235,13,spout04,4,897,abb,1,4/15/2022,sucrose05,sucrose,5
2022_04_15_abb01,lick_04,160294,159235,13,spout04,4,1059,abb,1,4/15/2022,sucrose05,sucrose,5
2022_04_15_abb01,lick_04,160456,159235,13,spout04,4,1221,abb,1,4/15/2022,sucrose05,sucrose,5
2022_04_15_abb01,lick_04,160630,159235,13,spout04,4,1395,abb,1,4/15/2022,sucrose05,sucrose,5
2022_04_15_abb01,lick_04,161596,159235,13,spout04,4,2361,abb,1,4/15/2022,sucrose05,sucrose,5
2022_04_15_abb01,lick_04,161862,159235,13,spout04,4,2627,abb,1,4/15/2022,sucrose05,sucrose,5
2022_04_15_abb01,lick_04,162006,159235,13,spout04,4,2771,abb,1,4/15/2022,sucrose05,sucrose,5
2022_04_15_abb01,lick_04,162180,159235,13,spout04,4,2945,abb,1,4/15/2022,sucrose05,sucrose,5
2022_04_15_abb01,lick_05,174088,173800,14,spout05,3,288,abb,1,4/15/2022,sucrose20,sucrose,20
2022_04_15_abb01,lick_05,174245,173800,14,spout05,3,445,abb,1,4/15/2022,sucrose20,sucrose,20
2022_04_15_abb01,lick_05,174381,173800,14,spout05,3,581,abb,1,4/15/2022,sucrose20,sucrose,20
2022_04_15_abb01,lick_05,174547,173800,14,spout05,3,747,abb,1,4/15/2022,sucrose20,sucrose,20
2022_04_15_abb01,lick_05,174716,173800,14,spout05,3,916,abb,1,4/15/2022,sucrose20,sucrose,20
2022_04_15_abb01,lick_05,174906,173800,14,spout05,3,1106,abb,1,4/15/2022,sucrose20,sucrose,20
2022_04_15_abb01,lick_05,175350,173800,14,spout05,3,1550,abb,1,4/15/2022,sucrose20,sucrose,20
2022_04_15_abb01,lick_05,175498,173800,14,spout05,3,1698,abb,1,4/15/2022,sucrose20,sucrose,20
2022_04_15_abb01,lick_05,176031,173800,14,spout05,3,2231,abb,1,4/15/2022,sucrose20,sucrose,20
2022_04_15_abb01,lick_05,176336,173800,14,spout05,3,2536,abb,1,4/15/2022,sucrose20,sucrose,20
2022_04_15_abb01,lick_05,176476,173800,14,spout05,3,2676,abb,1,4/15/2022,sucrose20,sucrose,20
2022_04_15_abb01,lick_05,176734,173800,14,spout05,3,2934,abb,1,4/15/2022,sucrose20,sucrose,20
2022_04_15_abb01,lick_02,185467,185264,15,spout02,3,203,abb,1,4/15/2022,sucrose00,sucrose,0
2022_04_15_abb01,lick_02,185603,185264,15,spout02,3,339,abb,1,4/15/2022,sucrose00,sucrose,0
2022_04_15_abb01,lick_02,185734,185264,15,spout02,3,470,abb,1,4/15/2022,sucrose00,sucrose,0
2022_04_15_abb01,lick_02,185884,185264,15,spout02,3,620,abb,1,4/15/2022,sucrose00,sucrose,0
2022_04_15_abb01,lick_02,186023,185264,15,spout02,3,759,abb,1,4/15/2022,sucrose00,sucrose,0
2022_04_15_abb01,lick_02,186178,185264,15,spout02,3,914,abb,1,4/15/2022,sucrose00,sucrose,0
2022_04_15_abb01,lick_02,186372,185264,15,spout02,3,1108,abb,1,4/15/2022,sucrose00,sucrose,0
2022_04_15_abb01,lick_02,186720,185264,15,spout02,3,1456,abb,1,4/15/2022,sucrose00,sucrose,0
2022_04_15_abb01,lick_02,186874,185264,15,spout02,3,1610,abb,1,4/15/2022,sucrose00,sucrose,0
2022_04_15_abb01,lick_05,201657,201259,16,spout05,4,398,abb,1,4/15/2022,sucrose20,sucrose,20
2022_04_15_abb01,lick_05,201816,201259,16,spout05,4,557,abb,1,4/15/2022,sucrose20,sucrose,20
2022_04_15_abb01,lick_05,202020,201259,16,spout05,4,761,abb,1,4/15/2022,sucrose20,sucrose,20
2022_04_15_abb01,lick_05,202175,201259,16,spout05,4,916,abb,1,4/15/2022,sucrose20,sucrose,20
2022_04_15_abb01,lick_05,202271,201259,16,spout05,4,1012,abb,1,4/15/2022,sucrose20,sucrose,20
2022_04_15_abb01,lick_05,202503,201259,16,spout05,4,1244,abb,1,4/15/2022,sucrose20,sucrose,20
2022_04_15_abb01,lick_05,202877,201259,16,spout05,4,1618,abb,1,4/15/2022,sucrose20,sucrose,20
2022_04_15_abb01,lick_05,203074,201259,16,spout05,4,1815,abb,1,4/15/2022,sucrose20,sucrose,20
2022_04_15_abb01,lick_05,203380,201259,16,spout05,4,2121,abb,1,4/15/2022,sucrose20,sucrose,20
2022_04_15_abb01,lick_05,203527,201259,16,spout05,4,2268,abb,1,4/15/2022,sucrose20,sucrose,20
2022_04_15_abb01,lick_05,204087,201259,16,spout05,4,2828,abb,1,4/15/2022,sucrose20,sucrose,20
2022_04_15_abb01,lick_05,204208,201259,16,spout05,4,2949,abb,1,4/15/2022,sucrose20,sucrose,20
2022_04_15_abb01,lick,213737,213227,17,spout01,4,510,abb,1,4/15/2022,sucrose10,sucrose,10
2022_04_15_abb01,lick,213911,213227,17,spout01,4,684,abb,1,4/15/2022,sucrose10,sucrose,10
2022_04_15_abb01,lick,214050,213227,17,spout01,4,823,abb,1,4/15/2022,sucrose10,sucrose,10
2022_04_15_abb01,lick,214262,213227,17,spout01,4,1035,abb,1,4/15/2022,sucrose10,sucrose,10
2022_04_15_abb01,lick,214417,213227,17,spout01,4,1190,abb,1,4/15/2022,sucrose10,sucrose,10
2022_04_15_abb01,lick,214626,213227,17,spout01,4,1399,abb,1,4/15/2022,sucrose10,sucrose,10
2022_04_15_abb01,lick_02,225698,225401,18,spout02,4,297,abb,1,4/15/2022,sucrose00,sucrose,0
2022_04_15_abb01,lick_02,225845,225401,18,spout02,4,444,abb,1,4/15/2022,sucrose00,sucrose,0
2022_04_15_abb01,lick_03,241690,241399,19,spout03,3,291,abb,1,4/15/2022,sucrose30,sucrose,30
2022_04_15_abb01,lick_03,241845,241399,19,spout03,3,446,abb,1,4/15/2022,sucrose30,sucrose,30
2022_04_15_abb01,lick_03,241977,241399,19,spout03,3,578,abb,1,4/15/2022,sucrose30,sucrose,30
2022_04_15_abb01,lick_03,242112,241399,19,spout03,3,713,abb,1,4/15/2022,sucrose30,sucrose,30
2022_04_15_abb01,lick_03,242236,241399,19,spout03,3,837,abb,1,4/15/2022,sucrose30,sucrose,30
2022_04_15_abb01,lick_03,242340,241399,19,spout03,3,941,abb,1,4/15/2022,sucrose30,sucrose,30
2022_04_15_abb01,lick_03,242464,241399,19,spout03,3,1065,abb,1,4/15/2022,sucrose30,sucrose,30
2022_04_15_abb01,lick_03,242583,241399,19,spout03,3,1184,abb,1,4/15/2022,sucrose30,sucrose,30
2022_04_15_abb01,lick_03,242710,241399,19,spout03,3,1311,abb,1,4/15/2022,sucrose30,sucrose,30
2022_04_15_abb01,lick_03,242838,241399,19,spout03,3,1439,abb,1,4/15/2022,sucrose30,sucrose,30
2022_04_15_abb01,lick_03,242973,241399,19,spout03,3,1574,abb,1,4/15/2022,sucrose30,sucrose,30
2022_04_15_abb01,lick_03,243101,241399,19,spout03,3,1702,abb,1,4/15/2022,sucrose30,sucrose,30
2022_04_15_abb01,lick_03,243352,241399,19,spout03,3,1953,abb,1,4/15/2022,sucrose30,sucrose,30
2022_04_15_abb01,lick_03,243495,241399,19,spout03,3,2096,abb,1,4/15/2022,sucrose30,sucrose,30
2022_04_15_abb01,lick_03,243618,241399,19,spout03,3,2219,abb,1,4/15/2022,sucrose30,sucrose,30
2022_04_15_abb01,lick_03,243886,241399,19,spout03,3,2487,abb,1,4/15/2022,sucrose30,sucrose,30
2022_04_15_abb01,lick_03,244032,241399,19,spout03,3,2633,abb,1,4/15/2022,sucrose30,sucrose,30
2022_04_15_abb01,lick_03,244163,241399,19,spout03,3,2764,abb,1,4/15/2022,sucrose30,sucrose,30
2022_04_15_abb01,lick_03,253106,252856,20,spout03,4,250,abb,1,4/15/2022,sucrose30,sucrose,30
2022_04_15_abb01,lick_03,253260,252856,20,spout03,4,404,abb,1,4/15/2022,sucrose30,sucrose,30
2022_04_15_abb01,lick_03,253411,252856,20,spout03,4,555,abb,1,4/15/2022,sucrose30,sucrose,30
2022_04_15_abb01,lick_03,253542,252856,20,spout03,4,686,abb,1,4/15/2022,sucrose30,sucrose,30
2022_04_15_abb01,lick_03,253678,252856,20,spout03,4,822,abb,1,4/15/2022,sucrose30,sucrose,30
2022_04_15_abb01,lick_03,253833,252856,20,spout03,4,977,abb,1,4/15/2022,sucrose30,sucrose,30
2022_04_15_abb01,lick_03,253979,252856,20,spout03,4,1123,abb,1,4/15/2022,sucrose30,sucrose,30
2022_04_15_abb01,lick_03,254114,252856,20,spout03,4,1258,abb,1,4/15/2022,sucrose30,sucrose,30
2022_04_15_abb01,lick_03,254254,252856,20,spout03,4,1398,abb,1,4/15/2022,sucrose30,sucrose,30
2022_04_15_abb01,lick_03,254369,252856,20,spout03,4,1513,abb,1,4/15/2022,sucrose30,sucrose,30
2022_04_15_abb01,lick_03,254594,252856,20,spout03,4,1738,abb,1,4/15/2022,sucrose30,sucrose,30
2022_04_15_abb01,lick_03,254705,252856,20,spout03,4,1849,abb,1,4/15/2022,sucrose30,sucrose,30
2022_04_15_abb01,lick_03,255073,252856,20,spout03,4,2217,abb,1,4/15/2022,sucrose30,sucrose,30
2022_04_15_abb01,lick_03,255339,252856,20,spout03,4,2483,abb,1,4/15/2022,sucrose30,sucrose,30
2022_04_15_abb01,lick_03,255633,252856,20,spout03,4,2777,abb,1,4/15/2022,sucrose30,sucrose,30
2022_04_15_abb01,lick_03,255784,252856,20,spout03,4,2928,abb,1,4/15/2022,sucrose30,sucrose,30
2022_04_15_abb01,lick_04,265827,265554,21,spout04,5,273,abb,1,4/15/2022,sucrose05,sucrose,5
2022_04_15_abb01,lick_04,265966,265554,21,spout04,5,412,abb,1,4/15/2022,sucrose05,sucrose,5
2022_04_15_abb01,lick_04,266097,265554,21,spout04,5,543,abb,1,4/15/2022,sucrose05,sucrose,5
2022_04_15_abb01,lick_04,266287,265554,21,spout04,5,733,abb,1,4/15/2022,sucrose05,sucrose,5
2022_04_15_abb01,lick,278717,278263,22,spout01,5,454,abb,1,4/15/2022,sucrose10,sucrose,10
2022_04_15_abb01,lick,278899,278263,22,spout01,5,636,abb,1,4/15/2022,sucrose10,sucrose,10
2022_04_15_abb01,lick,279046,278263,22,spout01,5,783,abb,1,4/15/2022,sucrose10,sucrose,10
2022_04_15_abb01,lick,279262,278263,22,spout01,5,999,abb,1,4/15/2022,sucrose10,sucrose,10
2022_04_15_abb01,lick,279467,278263,22,spout01,5,1204,abb,1,4/15/2022,sucrose10,sucrose,10
2022_04_15_abb01,lick_02,294329,294046,23,spout02,5,283,abb,1,4/15/2022,sucrose00,sucrose,0
2022_04_15_abb01,lick_02,294491,294046,23,spout02,5,445,abb,1,4/15/2022,sucrose00,sucrose,0
2022_04_15_abb01,lick_02,294652,294046,23,spout02,5,606,abb,1,4/15/2022,sucrose00,sucrose,0
2022_04_15_abb01,lick_02,294815,294046,23,spout02,5,769,abb,1,4/15/2022,sucrose00,sucrose,0
2022_04_15_abb01,lick_02,294981,294046,23,spout02,5,935,abb,1,4/15/2022,sucrose00,sucrose,0
2022_04_15_abb01,lick_02,295182,294046,23,spout02,5,1136,abb,1,4/15/2022,sucrose00,sucrose,0
2022_04_15_abb01,lick_02,295318,294046,23,spout02,5,1272,abb,1,4/15/2022,sucrose00,sucrose,0
2022_04_15_abb01,lick_02,295456,294046,23,spout02,5,1410,abb,1,4/15/2022,sucrose00,sucrose,0
2022_04_15_abb01,lick_02,295623,294046,23,spout02,5,1577,abb,1,4/15/2022,sucrose00,sucrose,0
2022_04_15_abb01,lick_02,295800,294046,23,spout02,5,1754,abb,1,4/15/2022,sucrose00,sucrose,0
2022_04_15_abb01,lick_02,295962,294046,23,spout02,5,1916,abb,1,4/15/2022,sucrose00,sucrose,0
2022_04_15_abb01,lick_02,296175,294046,23,spout02,5,2129,abb,1,4/15/2022,sucrose00,sucrose,0
2022_04_15_abb01,lick_02,296461,294046,23,spout02,5,2415,abb,1,4/15/2022,sucrose00,sucrose,0
2022_04_15_abb01,lick,310336,309953,24,spout01,6,383,abb,1,4/15/2022,sucrose10,sucrose,10
2022_04_15_abb01,lick,310495,309953,24,spout01,6,542,abb,1,4/15/2022,sucrose10,sucrose,10
2022_04_15_abb01,lick,310669,309953,24,spout01,6,716,abb,1,4/15/2022,sucrose10,sucrose,10
2022_04_15_abb01,lick,310847,309953,24,spout01,6,894,abb,1,4/15/2022,sucrose10,sucrose,10
2022_04_15_abb01,lick,311009,309953,24,spout01,6,1056,abb,1,4/15/2022,sucrose10,sucrose,10
2022_04_15_abb01,lick,311195,309953,24,spout01,6,1242,abb,1,4/15/2022,sucrose10,sucrose,10
2022_04_15_abb01,lick,311353,309953,24,spout01,6,1400,abb,1,4/15/2022,sucrose10,sucrose,10
2022_04_15_abb01,lick,311512,309953,24,spout01,6,1559,abb,1,4/15/2022,sucrose10,sucrose,10
2022_04_15_abb01,lick,311639,309953,24,spout01,6,1686,abb,1,4/15/2022,sucrose10,sucrose,10
2022_04_15_abb01,lick_03,322789,322457,25,spout03,5,332,abb,1,4/15/2022,sucrose30,sucrose,30
2022_04_15_abb01,lick_03,322944,322457,25,spout03,5,487,abb,1,4/15/2022,sucrose30,sucrose,30
2022_04_15_abb01,lick_03,323083,322457,25,spout03,5,626,abb,1,4/15/2022,sucrose30,sucrose,30
2022_04_15_abb01,lick_03,323229,322457,25,spout03,5,772,abb,1,4/15/2022,sucrose30,sucrose,30
2022_04_15_abb01,lick_03,323373,322457,25,spout03,5,916,abb,1,4/15/2022,sucrose30,sucrose,30
2022_04_15_abb01,lick_03,323523,322457,25,spout03,5,1066,abb,1,4/15/2022,sucrose30,sucrose,30
2022_04_15_abb01,lick_03,323802,322457,25,spout03,5,1345,abb,1,4/15/2022,sucrose30,sucrose,30
2022_04_15_abb01,lick_03,323944,322457,25,spout03,5,1487,abb,1,4/15/2022,sucrose30,sucrose,30
2022_04_15_abb01,lick_03,324211,322457,25,spout03,5,1754,abb,1,4/15/2022,sucrose30,sucrose,30
2022_04_15_abb01,lick_03,324385,322457,25,spout03,5,1928,abb,1,4/15/2022,sucrose30,sucrose,30
2022_04_15_abb01,lick_03,324516,322457,25,spout03,5,2059,abb,1,4/15/2022,sucrose30,sucrose,30
2022_04_15_abb01,lick_03,324760,322457,25,spout03,5,2303,abb,1,4/15/2022,sucrose30,sucrose,30
2022_04_15_abb01,lick_03,325289,322457,25,spout03,5,2832,abb,1,4/15/2022,sucrose30,sucrose,30
2022_04_15_abb01,lick_04,334400,334149,26,spout04,6,251,abb,1,4/15/2022,sucrose05,sucrose,5
2022_04_15_abb01,lick_04,334558,334149,26,spout04,6,409,abb,1,4/15/2022,sucrose05,sucrose,5
2022_04_15_abb01,lick_04,334736,334149,26,spout04,6,587,abb,1,4/15/2022,sucrose05,sucrose,5
2022_04_15_abb01,lick_04,334941,334149,26,spout04,6,792,abb,1,4/15/2022,sucrose05,sucrose,5
2022_04_15_abb01,lick_02,347685,347334,27,spout02,6,351,abb,1,4/15/2022,sucrose00,sucrose,0
2022_04_15_abb01,lick_02,347825,347334,27,spout02,6,491,abb,1,4/15/2022,sucrose00,sucrose,0
2022_04_15_abb01,lick_05,358984,358516,28,spout05,5,468,abb,1,4/15/2022,sucrose20,sucrose,20
2022_04_15_abb01,lick_05,359139,358516,28,spout05,5,623,abb,1,4/15/2022,sucrose20,sucrose,20
2022_04_15_abb01,lick_05,359281,358516,28,spout05,5,765,abb,1,4/15/2022,sucrose20,sucrose,20
2022_04_15_abb01,lick_05,359498,358516,28,spout05,5,982,abb,1,4/15/2022,sucrose20,sucrose,20
2022_04_15_abb01,lick_05,359830,358516,28,spout05,5,1314,abb,1,4/15/2022,sucrose20,sucrose,20
2022_04_15_abb01,lick_05,360104,358516,28,spout05,5,1588,abb,1,4/15/2022,sucrose20,sucrose,20
2022_04_15_abb01,lick_05,360213,358516,28,spout05,5,1697,abb,1,4/15/2022,sucrose20,sucrose,20
2022_04_15_abb01,lick_05,360603,358516,28,spout05,5,2087,abb,1,4/15/2022,sucrose20,sucrose,20
2022_04_15_abb01,lick_05,360745,358516,28,spout05,5,2229,abb,1,4/15/2022,sucrose20,sucrose,20
2022_04_15_abb01,lick_05,360966,358516,28,spout05,5,2450,abb,1,4/15/2022,sucrose20,sucrose,20
2022_04_15_abb01,lick_05,361202,358516,28,spout05,5,2686,abb,1,4/15/2022,sucrose20,sucrose,20
2022_04_15_abb01,lick_05,361438,358516,28,spout05,5,2922,abb,1,4/15/2022,sucrose20,sucrose,20
2022_04_15_abb01,lick_05,373345,373016,29,spout05,6,329,abb,1,4/15/2022,sucrose20,sucrose,20
2022_04_15_abb01,lick_05,373499,373016,29,spout05,6,483,abb,1,4/15/2022,sucrose20,sucrose,20
2022_04_15_abb01,lick_05,373653,373016,29,spout05,6,637,abb,1,4/15/2022,sucrose20,sucrose,20
2022_04_15_abb01,lick_05,373827,373016,29,spout05,6,811,abb,1,4/15/2022,sucrose20,sucrose,20
2022_04_15_abb01,lick_05,373982,373016,29,spout05,6,966,abb,1,4/15/2022,sucrose20,sucrose,20
2022_04_15_abb01,lick_05,374210,373016,29,spout05,6,1194,abb,1,4/15/2022,sucrose20,sucrose,20
2022_04_15_abb01,lick_05,374430,373016,29,spout05,6,1414,abb,1,4/15/2022,sucrose20,sucrose,20
2022_04_15_abb01,lick_05,374929,373016,29,spout05,6,1913,abb,1,4/15/2022,sucrose20,sucrose,20
2022_04_15_abb01,lick_05,375242,373016,29,spout05,6,2226,abb,1,4/15/2022,sucrose20,sucrose,20
2022_04_15_abb01,lick_05,375899,373016,29,spout05,6,2883,abb,1,4/15/2022,sucrose20,sucrose,20
2022_04_15_abb01,lick_03,387689,387406,30,spout03,6,283,abb,1,4/15/2022,sucrose30,sucrose,30
2022_04_15_abb01,lick_03,387817,387406,30,spout03,6,411,abb,1,4/15/2022,sucrose30,sucrose,30
2022_04_15_abb01,lick_03,387937,387406,30,spout03,6,531,abb,1,4/15/2022,sucrose30,sucrose,30
2022_04_15_abb01,lick_03,388072,387406,30,spout03,6,666,abb,1,4/15/2022,sucrose30,sucrose,30
2022_04_15_abb01,lick_03,388192,387406,30,spout03,6,786,abb,1,4/15/2022,sucrose30,sucrose,30
2022_04_15_abb01,lick_03,388304,387406,30,spout03,6,898,abb,1,4/15/2022,sucrose30,sucrose,30
2022_04_15_abb01,lick_03,388528,387406,30,spout03,6,1122,abb,1,4/15/2022,sucrose30,sucrose,30
2022_04_15_abb01,lick_03,388648,387406,30,spout03,6,1242,abb,1,4/15/2022,sucrose30,sucrose,30
2022_04_15_abb01,lick_03,388869,387406,30,spout03,6,1463,abb,1,4/15/2022,sucrose30,sucrose,30
2022_04_15_abb01,lick_03,389104,387406,30,spout03,6,1698,abb,1,4/15/2022,sucrose30,sucrose,30
2022_04_15_abb01,lick_03,389227,387406,30,spout03,6,1821,abb,1,4/15/2022,sucrose30,sucrose,30
2022_04_15_abb01,lick_03,389607,387406,30,spout03,6,2201,abb,1,4/15/2022,sucrose30,sucrose,30
2022_04_15_abb01,lick_03,389746,387406,30,spout03,6,2340,abb,1,4/15/2022,sucrose30,sucrose,30
2022_04_15_abb01,lick_03,390132,387406,30,spout03,6,2726,abb,1,4/15/2022,sucrose30,sucrose,30
2022_04_15_abb01,lick_03,390252,387406,30,spout03,6,2846,abb,1,4/15/2022,sucrose30,sucrose,30
2022_04_15_abb01,lick_03,400304,400036,31,spout03,7,268,abb,1,4/15/2022,sucrose30,sucrose,30
2022_04_15_abb01,lick_03,400423,400036,31,spout03,7,387,abb,1,4/15/2022,sucrose30,sucrose,30
2022_04_15_abb01,lick_03,400517,400036,31,spout03,7,481,abb,1,4/15/2022,sucrose30,sucrose,30
2022_04_15_abb01,lick_03,400729,400036,31,spout03,7,693,abb,1,4/15/2022,sucrose30,sucrose,30
2022_04_15_abb01,lick_03,400969,400036,31,spout03,7,933,abb,1,4/15/2022,sucrose30,sucrose,30
2022_04_15_abb01,lick_03,401116,400036,31,spout03,7,1080,abb,1,4/15/2022,sucrose30,sucrose,30
2022_04_15_abb01,lick_03,401240,400036,31,spout03,7,1204,abb,1,4/15/2022,sucrose30,sucrose,30
2022_04_15_abb01,lick_03,401475,400036,31,spout03,7,1439,abb,1,4/15/2022,sucrose30,sucrose,30
2022_04_15_abb01,lick_03,401599,400036,31,spout03,7,1563,abb,1,4/15/2022,sucrose30,sucrose,30
2022_04_15_abb01,lick_03,401796,400036,31,spout03,7,1760,abb,1,4/15/2022,sucrose30,sucrose,30
2022_04_15_abb01,lick_03,402063,400036,31,spout03,7,2027,abb,1,4/15/2022,sucrose30,sucrose,30
2022_04_15_abb01,lick_03,402194,400036,31,spout03,7,2158,abb,1,4/15/2022,sucrose30,sucrose,30
2022_04_15_abb01,lick_05,413432,413189,32,spout05,7,243,abb,1,4/15/2022,sucrose20,sucrose,20
2022_04_15_abb01,lick_05,413606,413189,32,spout05,7,417,abb,1,4/15/2022,sucrose20,sucrose,20
2022_04_15_abb01,lick_05,413718,413189,32,spout05,7,529,abb,1,4/15/2022,sucrose20,sucrose,20
2022_04_15_abb01,lick_05,413899,413189,32,spout05,7,710,abb,1,4/15/2022,sucrose20,sucrose,20
2022_04_15_abb01,lick_05,414020,413189,32,spout05,7,831,abb,1,4/15/2022,sucrose20,sucrose,20
2022_04_15_abb01,lick_05,414324,413189,32,spout05,7,1135,abb,1,4/15/2022,sucrose20,sucrose,20
2022_04_15_abb01,lick_05,415766,413189,32,spout05,7,2577,abb,1,4/15/2022,sucrose20,sucrose,20
2022_04_15_abb01,lick_05,416036,413189,32,spout05,7,2847,abb,1,4/15/2022,sucrose20,sucrose,20
2022_04_15_abb01,lick_04,426484,426151,33,spout04,7,333,abb,1,4/15/2022,sucrose05,sucrose,5
2022_04_15_abb01,lick_04,426665,426151,33,spout04,7,514,abb,1,4/15/2022,sucrose05,sucrose,5
2022_04_15_abb01,lick_04,426786,426151,33,spout04,7,635,abb,1,4/15/2022,sucrose05,sucrose,5
2022_04_15_abb01,lick_04,427064,426151,33,spout04,7,913,abb,1,4/15/2022,sucrose05,sucrose,5
2022_04_15_abb01,lick_04,427207,426151,33,spout04,7,1056,abb,1,4/15/2022,sucrose05,sucrose,5
2022_04_15_abb01,lick_05,440754,440356,34,spout05,8,398,abb,1,4/15/2022,sucrose20,sucrose,20
2022_04_15_abb01,lick_05,440978,440356,34,spout05,8,622,abb,1,4/15/2022,sucrose20,sucrose,20
2022_04_15_abb01,lick_05,441090,440356,34,spout05,8,734,abb,1,4/15/2022,sucrose20,sucrose,20
2022_04_15_abb01,lick_05,441303,440356,34,spout05,8,947,abb,1,4/15/2022,sucrose20,sucrose,20
2022_04_15_abb01,lick_05,441562,440356,34,spout05,8,1206,abb,1,4/15/2022,sucrose20,sucrose,20
2022_04_15_abb01,lick_05,441697,440356,34,spout05,8,1341,abb,1,4/15/2022,sucrose20,sucrose,20
2022_04_15_abb01,lick_05,442025,440356,34,spout05,8,1669,abb,1,4/15/2022,sucrose20,sucrose,20
2022_04_15_abb01,lick_05,442404,440356,34,spout05,8,2048,abb,1,4/15/2022,sucrose20,sucrose,20
2022_04_15_abb01,lick_05,442787,440356,34,spout05,8,2431,abb,1,4/15/2022,sucrose20,sucrose,20
2022_04_15_abb01,lick_05,443008,440356,34,spout05,8,2652,abb,1,4/15/2022,sucrose20,sucrose,20
2022_04_15_abb01,lick_02,451943,451666,35,spout02,7,277,abb,1,4/15/2022,sucrose00,sucrose,0
2022_04_15_abb01,lick_02,452067,451666,35,spout02,7,401,abb,1,4/15/2022,sucrose00,sucrose,0
2022_04_15_abb01,lick_02,452187,451666,35,spout02,7,521,abb,1,4/15/2022,sucrose00,sucrose,0
2022_04_15_abb01,lick_02,452302,451666,35,spout02,7,636,abb,1,4/15/2022,sucrose00,sucrose,0
2022_04_15_abb01,lick_02,452454,451666,35,spout02,7,788,abb,1,4/15/2022,sucrose00,sucrose,0
2022_04_15_abb01,lick_02,452585,451666,35,spout02,7,919,abb,1,4/15/2022,sucrose00,sucrose,0
2022_04_15_abb01,lick_02,453605,451666,35,spout02,7,1939,abb,1,4/15/2022,sucrose00,sucrose,0
2022_04_15_abb01,lick_02,453794,451666,35,spout02,7,2128,abb,1,4/15/2022,sucrose00,sucrose,0
2022_04_15_abb01,lick_02,453984,451666,35,spout02,7,2318,abb,1,4/15/2022,sucrose00,sucrose,0
2022_04_15_abb01,lick_02,465536,465147,36,spout02,8,389,abb,1,4/15/2022,sucrose00,sucrose,0
2022_04_15_abb01,lick_02,465682,465147,36,spout02,8,535,abb,1,4/15/2022,sucrose00,sucrose,0
2022_04_15_abb01,lick_02,465868,465147,36,spout02,8,721,abb,1,4/15/2022,sucrose00,sucrose,0
2022_04_15_abb01,lick,479728,479087,37,spout01,7,641,abb,1,4/15/2022,sucrose10,sucrose,10
2022_04_15_abb01,lick,479902,479087,37,spout01,7,815,abb,1,4/15/2022,sucrose10,sucrose,10
2022_04_15_abb01,lick,480050,479087,37,spout01,7,963,abb,1,4/15/2022,sucrose10,sucrose,10
2022_04_15_abb01,lick,480228,479087,37,spout01,7,1141,abb,1,4/15/2022,sucrose10,sucrose,10
2022_04_15_abb01,lick,480428,479087,37,spout01,7,1341,abb,1,4/15/2022,sucrose10,sucrose,10
2022_04_15_abb01,lick,480622,479087,37,spout01,7,1535,abb,1,4/15/2022,sucrose10,sucrose,10
2022_04_15_abb01,lick,480772,479087,37,spout01,7,1685,abb,1,4/15/2022,sucrose10,sucrose,10
2022_04_15_abb01,lick_03,495161,495039,38,spout03,8,122,abb,1,4/15/2022,sucrose30,sucrose,30
2022_04_15_abb01,lick_03,495332,495039,38,spout03,8,293,abb,1,4/15/2022,sucrose30,sucrose,30
2022_04_15_abb01,lick_03,495520,495039,38,spout03,8,481,abb,1,4/15/2022,sucrose30,sucrose,30
2022_04_15_abb01,lick_03,495714,495039,38,spout03,8,675,abb,1,4/15/2022,sucrose30,sucrose,30
2022_04_15_abb01,lick_03,496043,495039,38,spout03,8,1004,abb,1,4/15/2022,sucrose30,sucrose,30
2022_04_15_abb01,lick_03,496174,495039,38,spout03,8,1135,abb,1,4/15/2022,sucrose30,sucrose,30
2022_04_15_abb01,lick_03,496518,495039,38,spout03,8,1479,abb,1,4/15/2022,sucrose30,sucrose,30
2022_04_15_abb01,lick_03,496757,495039,38,spout03,8,1718,abb,1,4/15/2022,sucrose30,sucrose,30
2022_04_15_abb01,lick_03,497236,495039,38,spout03,8,2197,abb,1,4/15/2022,sucrose30,sucrose,30
2022_04_15_abb01,lick_03,497348,495039,38,spout03,8,2309,abb,1,4/15/2022,sucrose30,sucrose,30
2022_04_15_abb01,lick_03,497624,495039,38,spout03,8,2585,abb,1,4/15/2022,sucrose30,sucrose,30
2022_04_15_abb01,lick_03,497883,495039,38,spout03,8,2844,abb,1,4/15/2022,sucrose30,sucrose,30
2022_04_15_abb01,lick,506376,506047,39,spout01,8,329,abb,1,4/15/2022,sucrose10,sucrose,10
2022_04_15_abb01,lick,506537,506047,39,spout01,8,490,abb,1,4/15/2022,sucrose10,sucrose,10
2022_04_15_abb01,lick,506704,506047,39,spout01,8,657,abb,1,4/15/2022,sucrose10,sucrose,10
2022_04_15_abb01,lick,506858,506047,39,spout01,8,811,abb,1,4/15/2022,sucrose10,sucrose,10
2022_04_15_abb01,lick,507068,506047,39,spout01,8,1021,abb,1,4/15/2022,sucrose10,sucrose,10
2022_04_15_abb01,lick,508293,506047,39,spout01,8,2246,abb,1,4/15/2022,sucrose10,sucrose,10
2022_04_15_abb01,lick_04,518621,517956,40,spout04,8,665,abb,1,4/15/2022,sucrose05,sucrose,5
2022_04_15_abb01,lick_05,540707,540423,42,spout05,9,284,abb,1,4/15/2022,sucrose20,sucrose,20
2022_04_15_abb01,lick_05,540897,540423,42,spout05,9,474,abb,1,4/15/2022,sucrose20,sucrose,20
2022_04_15_abb01,lick_05,541063,540423,42,spout05,9,640,abb,1,4/15/2022,sucrose20,sucrose,20
2022_04_15_abb01,lick_05,541705,540423,42,spout05,9,1282,abb,1,4/15/2022,sucrose20,sucrose,20
2022_04_15_abb01,lick_05,541863,540423,42,spout05,9,1440,abb,1,4/15/2022,sucrose20,sucrose,20
2022_04_15_abb01,lick_05,542087,540423,42,spout05,9,1664,abb,1,4/15/2022,sucrose20,sucrose,20
2022_04_15_abb01,lick_05,542956,540423,42,spout05,9,2533,abb,1,4/15/2022,sucrose20,sucrose,20
2022_04_15_abb01,lick_03,552494,552220,43,spout03,9,274,abb,1,4/15/2022,sucrose30,sucrose,30
2022_04_15_abb01,lick_03,552659,552220,43,spout03,9,439,abb,1,4/15/2022,sucrose30,sucrose,30
2022_04_15_abb01,lick_03,552841,552220,43,spout03,9,621,abb,1,4/15/2022,sucrose30,sucrose,30
2022_04_15_abb01,lick_03,553297,552220,43,spout03,9,1077,abb,1,4/15/2022,sucrose30,sucrose,30
2022_04_15_abb01,lick_03,553576,552220,43,spout03,9,1356,abb,1,4/15/2022,sucrose30,sucrose,30
2022_04_15_abb01,lick_03,567121,566811,44,spout03,10,310,abb,1,4/15/2022,sucrose30,sucrose,30
2022_04_15_abb01,lick_03,567288,566811,44,spout03,10,477,abb,1,4/15/2022,sucrose30,sucrose,30
2022_04_15_abb01,lick_03,567419,566811,44,spout03,10,608,abb,1,4/15/2022,sucrose30,sucrose,30
2022_04_15_abb01,lick_03,567577,566811,44,spout03,10,766,abb,1,4/15/2022,sucrose30,sucrose,30
2022_04_15_abb01,lick_03,567775,566811,44,spout03,10,964,abb,1,4/15/2022,sucrose30,sucrose,30
2022_04_15_abb01,lick_03,568668,566811,44,spout03,10,1857,abb,1,4/15/2022,sucrose30,sucrose,30
2022_04_15_abb01,lick_03,569143,566811,44,spout03,10,2332,abb,1,4/15/2022,sucrose30,sucrose,30
2022_04_15_abb01,lick_03,569263,566811,44,spout03,10,2452,abb,1,4/15/2022,sucrose30,sucrose,30
2022_04_15_abb01,lick_03,569448,566811,44,spout03,10,2637,abb,1,4/15/2022,sucrose30,sucrose,30
2022_04_15_abb01,lick_05,593982,593703,46,spout05,10,279,abb,1,4/15/2022,sucrose20,sucrose,20
2022_04_15_abb01,lick_05,594264,593703,46,spout05,10,561,abb,1,4/15/2022,sucrose20,sucrose,20
2022_04_15_abb01,lick_05,594387,593703,46,spout05,10,684,abb,1,4/15/2022,sucrose20,sucrose,20
2022_04_15_abb01,lick_05,594840,593703,46,spout05,10,1137,abb,1,4/15/2022,sucrose20,sucrose,20
2022_04_15_abb01,lick_02,652252,651799,50,spout02,10,453,abb,1,4/15/2022,sucrose00,sucrose,0
2022_04_15_abb01,lick_02,652388,651799,50,spout02,10,589,abb,1,4/15/2022,sucrose00,sucrose,0
2022_04_15_abb01,lick_02,652519,651799,50,spout02,10,720,abb,1,4/15/2022,sucrose00,sucrose,0
2022_04_15_abb01,lick_02,652654,651799,50,spout02,10,855,abb,1,4/15/2022,sucrose00,sucrose,0
2022_04_15_abb01,lick_02,652809,651799,50,spout02,10,1010,abb,1,4/15/2022,sucrose00,sucrose,0
2022_04_15_abb01,lick_02,652933,651799,50,spout02,10,1134,abb,1,4/15/2022,sucrose00,sucrose,0
2022_04_15_abb01,lick_02,664117,663783,51,spout02,11,334,abb,1,4/15/2022,sucrose00,sucrose,0
2022_04_15_abb01,lick_02,664270,663783,51,spout02,11,487,abb,1,4/15/2022,sucrose00,sucrose,0
2022_04_15_abb01,lick_02,664410,663783,51,spout02,11,627,abb,1,4/15/2022,sucrose00,sucrose,0
2022_04_15_abb01,lick_05,676722,676409,52,spout05,11,313,abb,1,4/15/2022,sucrose20,sucrose,20
2022_04_15_abb01,lick_05,676919,676409,52,spout05,11,510,abb,1,4/15/2022,sucrose20,sucrose,20
2022_04_15_abb01,lick_05,677082,676409,52,spout05,11,673,abb,1,4/15/2022,sucrose20,sucrose,20
2022_04_15_abb01,lick_05,677306,676409,52,spout05,11,897,abb,1,4/15/2022,sucrose20,sucrose,20
2022_04_15_abb01,lick_05,677406,676409,52,spout05,11,997,abb,1,4/15/2022,sucrose20,sucrose,20
2022_04_15_abb01,lick_05,677870,676409,52,spout05,11,1461,abb,1,4/15/2022,sucrose20,sucrose,20
2022_04_15_abb01,lick_05,678547,676409,52,spout05,11,2138,abb,1,4/15/2022,sucrose20,sucrose,20
2022_04_15_abb01,lick_05,679042,676409,52,spout05,11,2633,abb,1,4/15/2022,sucrose20,sucrose,20
2022_04_15_abb01,lick_05,679173,676409,52,spout05,11,2764,abb,1,4/15/2022,sucrose20,sucrose,20
2022_04_15_abb01,lick_04,690012,689748,53,spout04,11,264,abb,1,4/15/2022,sucrose05,sucrose,5
2022_04_15_abb01,lick_04,690143,689748,53,spout04,11,395,abb,1,4/15/2022,sucrose05,sucrose,5
2022_04_15_abb01,lick_04,690297,689748,53,spout04,11,549,abb,1,4/15/2022,sucrose05,sucrose,5
2022_04_15_abb01,lick_03,702741,702395,54,spout03,11,346,abb,1,4/15/2022,sucrose30,sucrose,30
2022_04_15_abb01,lick_03,702865,702395,54,spout03,11,470,abb,1,4/15/2022,sucrose30,sucrose,30
2022_04_15_abb01,lick_03,702989,702395,54,spout03,11,594,abb,1,4/15/2022,sucrose30,sucrose,30
2022_04_15_abb01,lick_03,703213,702395,54,spout03,11,818,abb,1,4/15/2022,sucrose30,sucrose,30
2022_04_15_abb01,lick_03,703332,702395,54,spout03,11,937,abb,1,4/15/2022,sucrose30,sucrose,30
2022_04_15_abb01,lick_03,703576,702395,54,spout03,11,1181,abb,1,4/15/2022,sucrose30,sucrose,30
2022_04_15_abb01,lick_03,703819,702395,54,spout03,11,1424,abb,1,4/15/2022,sucrose30,sucrose,30
2022_04_15_abb01,lick_03,704322,702395,54,spout03,11,1927,abb,1,4/15/2022,sucrose30,sucrose,30
2022_04_15_abb01,lick_03,704449,702395,54,spout03,11,2054,abb,1,4/15/2022,sucrose30,sucrose,30
2022_04_15_abb01,lick_03,704700,702395,54,spout03,11,2305,abb,1,4/15/2022,sucrose30,sucrose,30
2022_04_15_abb01,lick_03,704874,702395,54,spout03,11,2479,abb,1,4/15/2022,sucrose30,sucrose,30
2022_04_15_abb01,lick_03,705160,702395,54,spout03,11,2765,abb,1,4/15/2022,sucrose30,sucrose,30
2022_04_15_abb01,lick_05,715376,715043,55,spout05,12,333,abb,1,4/15/2022,sucrose20,sucrose,20
2022_04_15_abb01,lick_05,715542,715043,55,spout05,12,499,abb,1,4/15/2022,sucrose20,sucrose,20
2022_04_15_abb01,lick_05,715659,715043,55,spout05,12,616,abb,1,4/15/2022,sucrose20,sucrose,20
2022_04_15_abb01,lick_05,715871,715043,55,spout05,12,828,abb,1,4/15/2022,sucrose20,sucrose,20
2022_04_15_abb01,lick_05,716021,715043,55,spout05,12,978,abb,1,4/15/2022,sucrose20,sucrose,20
2022_04_15_abb01,lick_04,727006,726609,56,spout04,12,397,abb,1,4/15/2022,sucrose05,sucrose,5
2022_04_15_abb01,lick_04,727257,726609,56,spout04,12,648,abb,1,4/15/2022,sucrose05,sucrose,5
2022_04_15_abb01,lick_04,727577,726609,56,spout04,12,968,abb,1,4/15/2022,sucrose05,sucrose,5
2022_04_15_abb01,lick_03,742504,742032,57,spout03,12,472,abb,1,4/15/2022,sucrose30,sucrose,30
2022_04_15_abb01,lick_03,742670,742032,57,spout03,12,638,abb,1,4/15/2022,sucrose30,sucrose,30
2022_04_15_abb01,lick_03,742821,742032,57,spout03,12,789,abb,1,4/15/2022,sucrose30,sucrose,30
2022_04_15_abb01,lick_03,742964,742032,57,spout03,12,932,abb,1,4/15/2022,sucrose30,sucrose,30
2022_04_15_abb01,lick_03,743076,742032,57,spout03,12,1044,abb,1,4/15/2022,sucrose30,sucrose,30
2022_04_15_abb01,lick_03,743552,742032,57,spout03,12,1520,abb,1,4/15/2022,sucrose30,sucrose,30
2022_04_15_abb01,lick_03,743887,742032,57,spout03,12,1855,abb,1,4/15/2022,sucrose30,sucrose,30
2022_04_15_abb01,lick_03,744120,742032,57,spout03,12,2088,abb,1,4/15/2022,sucrose30,sucrose,30
2022_04_15_abb01,lick_03,744340,742032,57,spout03,12,2308,abb,1,4/15/2022,sucrose30,sucrose,30
2022_04_15_abb01,lick_03,744966,742032,57,spout03,12,2934,abb,1,4/15/2022,sucrose30,sucrose,30
2022_04_15_abb01,lick,756300,755962,58,spout01,11,338,abb,1,4/15/2022,sucrose10,sucrose,10
2022_04_15_abb01,lick,756435,755962,58,spout01,11,473,abb,1,4/15/2022,sucrose10,sucrose,10
2022_04_15_abb01,lick,756597,755962,58,spout01,11,635,abb,1,4/15/2022,sucrose10,sucrose,10
2022_04_15_abb01,lick,756756,755962,58,spout01,11,794,abb,1,4/15/2022,sucrose10,sucrose,10
2022_04_15_abb01,lick,756976,755962,58,spout01,11,1014,abb,1,4/15/2022,sucrose10,sucrose,10
2022_04_15_abb01,lick_02,772257,771947,59,spout02,12,310,abb,1,4/15/2022,sucrose00,sucrose,0
2022_04_15_abb01,lick_02,772362,771947,59,spout02,12,415,abb,1,4/15/2022,sucrose00,sucrose,0
2022_04_15_abb01,lick_02,772501,771947,59,spout02,12,554,abb,1,4/15/2022,sucrose00,sucrose,0
2022_04_15_abb01,lick_02,772640,771947,59,spout02,12,693,abb,1,4/15/2022,sucrose00,sucrose,0
2022_04_15_abb01,lick_03,798104,797729,61,spout03,13,375,abb,1,4/15/2022,sucrose30,sucrose,30
2022_04_15_abb01,lick_03,798239,797729,61,spout03,13,510,abb,1,4/15/2022,sucrose30,sucrose,30
2022_04_15_abb01,lick_03,798341,797729,61,spout03,13,612,abb,1,4/15/2022,sucrose30,sucrose,30
2022_04_15_abb01,lick_03,798459,797729,61,spout03,13,730,abb,1,4/15/2022,sucrose30,sucrose,30
2022_04_15_abb01,lick_03,798653,797729,61,spout03,13,924,abb,1,4/15/2022,sucrose30,sucrose,30
2022_04_15_abb01,lick_03,799001,797729,61,spout03,13,1272,abb,1,4/15/2022,sucrose30,sucrose,30
2022_04_15_abb01,lick_03,799125,797729,61,spout03,13,1396,abb,1,4/15/2022,sucrose30,sucrose,30
2022_04_15_abb01,lick_03,799404,797729,61,spout03,13,1675,abb,1,4/15/2022,sucrose30,sucrose,30
2022_04_15_abb01,lick_03,799531,797729,61,spout03,13,1802,abb,1,4/15/2022,sucrose30,sucrose,30
2022_04_15_abb01,lick_03,799909,797729,61,spout03,13,2180,abb,1,4/15/2022,sucrose30,sucrose,30
2022_04_15_abb01,lick_03,800022,797729,61,spout03,13,2293,abb,1,4/15/2022,sucrose30,sucrose,30
2022_04_15_abb01,lick_03,800644,797729,61,spout03,13,2915,abb,1,4/15/2022,sucrose30,sucrose,30
2022_04_15_abb01,lick_04,810170,809746,62,spout04,13,424,abb,1,4/15/2022,sucrose05,sucrose,5
2022_04_15_abb01,lick_04,810340,809746,62,spout04,13,594,abb,1,4/15/2022,sucrose05,sucrose,5
2022_04_15_abb01,lick_04,810490,809746,62,spout04,13,744,abb,1,4/15/2022,sucrose05,sucrose,5
2022_04_15_abb01,lick_05,852494,850659,65,spout05,13,1835,abb,1,4/15/2022,sucrose20,sucrose,20
2022_04_15_abb01,lick_05,852633,850659,65,spout05,13,1974,abb,1,4/15/2022,sucrose20,sucrose,20
2022_04_15_abb01,lick_05,852757,850659,65,spout05,13,2098,abb,1,4/15/2022,sucrose20,sucrose,20
2022_04_15_abb01,lick_05,852927,850659,65,spout05,13,2268,abb,1,4/15/2022,sucrose20,sucrose,20
2022_04_15_abb01,lick_05,853039,850659,65,spout05,13,2380,abb,1,4/15/2022,sucrose20,sucrose,20
2022_04_15_abb01,lick_05,853483,850659,65,spout05,13,2824,abb,1,4/15/2022,sucrose20,sucrose,20
2022_04_15_abb01,lick,862728,862256,66,spout01,13,472,abb,1,4/15/2022,sucrose10,sucrose,10
2022_04_15_abb01,lick,862878,862256,66,spout01,13,622,abb,1,4/15/2022,sucrose10,sucrose,10
2022_04_15_abb01,lick,863026,862256,66,spout01,13,770,abb,1,4/15/2022,sucrose10,sucrose,10
2022_04_15_abb01,lick,863222,862256,66,spout01,13,966,abb,1,4/15/2022,sucrose10,sucrose,10
2022_04_15_abb01,lick,863342,862256,66,spout01,13,1086,abb,1,4/15/2022,sucrose10,sucrose,10
2022_04_15_abb01,lick_02,874136,873846,67,spout02,14,290,abb,1,4/15/2022,sucrose00,sucrose,0
2022_04_15_abb01,lick_02,874256,873846,67,spout02,14,410,abb,1,4/15/2022,sucrose00,sucrose,0
2022_04_15_abb01,lick_02,874372,873846,67,spout02,14,526,abb,1,4/15/2022,sucrose00,sucrose,0
2022_04_15_abb01,lick_02,874519,873846,67,spout02,14,673,abb,1,4/15/2022,sucrose00,sucrose,0
2022_04_15_abb01,lick_02,874658,873846,67,spout02,14,812,abb,1,4/15/2022,sucrose00,sucrose,0
2022_04_15_abb01,lick_05,885436,885093,68,spout05,14,343,abb,1,4/15/2022,sucrose20,sucrose,20
2022_04_15_abb01,lick_05,885903,885093,68,spout05,14,810,abb,1,4/15/2022,sucrose20,sucrose,20
2022_04_15_abb01,lick_05,886011,885093,68,spout05,14,918,abb,1,4/15/2022,sucrose20,sucrose,20
2022_04_15_abb01,lick_05,886127,885093,68,spout05,14,1034,abb,1,4/15/2022,sucrose20,sucrose,20
2022_04_15_abb01,lick_03,898013,897709,69,spout03,14,304,abb,1,4/15/2022,sucrose30,sucrose,30
2022_04_15_abb01,lick_03,898275,897709,69,spout03,14,566,abb,1,4/15/2022,sucrose30,sucrose,30
2022_04_15_abb01,lick_03,898496,897709,69,spout03,14,787,abb,1,4/15/2022,sucrose30,sucrose,30
2022_04_15_abb01,lick_03,898720,897709,69,spout03,14,1011,abb,1,4/15/2022,sucrose30,sucrose,30
2022_04_15_abb01,lick_03,899067,897709,69,spout03,14,1358,abb,1,4/15/2022,sucrose30,sucrose,30
2022_04_15_abb01,lick_03,899644,897709,69,spout03,14,1935,abb,1,4/15/2022,sucrose30,sucrose,30
2022_04_15_abb01,lick_03,899760,897709,69,spout03,14,2051,abb,1,4/15/2022,sucrose30,sucrose,30
2022_04_15_abb01,lick_03,900420,897709,69,spout03,14,2711,abb,1,4/15/2022,sucrose30,sucrose,30
2022_04_15_abb01,lick_03,900575,897709,69,spout03,14,2866,abb,1,4/15/2022,sucrose30,sucrose,30
2022_04_15_abb01,lick,913252,912860,70,spout01,14,392,abb,1,4/15/2022,sucrose10,sucrose,10
2022_04_15_abb01,lick,913425,912860,70,spout01,14,565,abb,1,4/15/2022,sucrose10,sucrose,10
2022_04_15_abb01,lick,913591,912860,70,spout01,14,731,abb,1,4/15/2022,sucrose10,sucrose,10
2022_04_15_abb01,lick,913715,912860,70,spout01,14,855,abb,1,4/15/2022,sucrose10,sucrose,10
2022_04_15_abb01,lick_03,927568,927091,71,spout03,15,477,abb,1,4/15/2022,sucrose30,sucrose,30
2022_04_15_abb01,lick_03,927993,927091,71,spout03,15,902,abb,1,4/15/2022,sucrose30,sucrose,30
2022_04_15_abb01,lick_03,928109,927091,71,spout03,15,1018,abb,1,4/15/2022,sucrose30,sucrose,30
2022_04_15_abb01,lick_03,928658,927091,71,spout03,15,1567,abb,1,4/15/2022,sucrose30,sucrose,30
2022_04_15_abb01,lick_03,929137,927091,71,spout03,15,2046,abb,1,4/15/2022,sucrose30,sucrose,30
2022_04_15_abb01,lick_03,929399,927091,71,spout03,15,2308,abb,1,4/15/2022,sucrose30,sucrose,30
2022_04_15_abb01,lick_03,929709,927091,71,spout03,15,2618,abb,1,4/15/2022,sucrose30,sucrose,30
2022_04_15_abb01,lick_02,941117,940777,72,spout02,15,340,abb,1,4/15/2022,sucrose00,sucrose,0
2022_04_15_abb01,lick_02,941229,940777,72,spout02,15,452,abb,1,4/15/2022,sucrose00,sucrose,0
2022_04_15_abb01,lick_02,941352,940777,72,spout02,15,575,abb,1,4/15/2022,sucrose00,sucrose,0
2022_04_15_abb01,lick_02,941460,940777,72,spout02,15,683,abb,1,4/15/2022,sucrose00,sucrose,0
2022_04_15_abb01,lick_02,941623,940777,72,spout02,15,846,abb,1,4/15/2022,sucrose00,sucrose,0
2022_04_15_abb01,lick_02,941758,940777,72,spout02,15,981,abb,1,4/15/2022,sucrose00,sucrose,0
2022_04_15_abb01,lick_02,955718,955362,73,spout02,16,356,abb,1,4/15/2022,sucrose00,sucrose,0
2022_04_15_abb01,lick_02,955823,955362,73,spout02,16,461,abb,1,4/15/2022,sucrose00,sucrose,0
2022_04_15_abb01,lick_02,955973,955362,73,spout02,16,611,abb,1,4/15/2022,sucrose00,sucrose,0
2022_04_15_abb01,lick,969637,969158,74,spout01,15,479,abb,1,4/15/2022,sucrose10,sucrose,10
2022_04_15_abb01,lick,969827,969158,74,spout01,15,669,abb,1,4/15/2022,sucrose10,sucrose,10
2022_04_15_abb01,lick,969944,969158,74,spout01,15,786,abb,1,4/15/2022,sucrose10,sucrose,10
2022_04_15_abb01,lick,970263,969158,74,spout01,15,1105,abb,1,4/15/2022,sucrose10,sucrose,10
2022_04_15_abb01,lick,970387,969158,74,spout01,15,1229,abb,1,4/15/2022,sucrose10,sucrose,10
2022_04_15_abb01,lick,970635,969158,74,spout01,15,1477,abb,1,4/15/2022,sucrose10,sucrose,10
2022_04_15_abb01,lick,971226,969158,74,spout01,15,2068,abb,1,4/15/2022,sucrose10,sucrose,10
2022_04_15_abb01,lick_05,982991,982623,75,spout05,15,368,abb,1,4/15/2022,sucrose20,sucrose,20
2022_04_15_abb01,lick_05,983181,982623,75,spout05,15,558,abb,1,4/15/2022,sucrose20,sucrose,20
2022_04_15_abb01,lick_05,983386,982623,75,spout05,15,763,abb,1,4/15/2022,sucrose20,sucrose,20
2022_04_15_abb01,lick_05,983505,982623,75,spout05,15,882,abb,1,4/15/2022,sucrose20,sucrose,20
2022_04_15_abb01,lick_05,983827,982623,75,spout05,15,1204,abb,1,4/15/2022,sucrose20,sucrose,20
2022_04_15_abb01,lick_05,984163,982623,75,spout05,15,1540,abb,1,4/15/2022,sucrose20,sucrose,20
2022_04_15_abb01,lick_05,996529,996019,76,spout05,16,510,abb,1,4/15/2022,sucrose20,sucrose,20
2022_04_15_abb01,lick_05,996695,996019,76,spout05,16,676,abb,1,4/15/2022,sucrose20,sucrose,20
2022_04_15_abb01,lick_05,997823,996019,76,spout05,16,1804,abb,1,4/15/2022,sucrose20,sucrose,20
2022_04_15_abb01,lick_05,998021,996019,76,spout05,16,2002,abb,1,4/15/2022,sucrose20,sucrose,20
2022_04_15_abb01,lick_03,1008161,1007801,77,spout03,16,360,abb,1,4/15/2022,sucrose30,sucrose,30
2022_04_15_abb01,lick_03,1008363,1007801,77,spout03,16,562,abb,1,4/15/2022,sucrose30,sucrose,30
2022_04_15_abb01,lick_03,1008653,1007801,77,spout03,16,852,abb,1,4/15/2022,sucrose30,sucrose,30
2022_04_15_abb01,lick_03,1009113,1007801,77,spout03,16,1312,abb,1,4/15/2022,sucrose30,sucrose,30
2022_04_15_abb01,lick_03,1009441,1007801,77,spout03,16,1640,abb,1,4/15/2022,sucrose30,sucrose,30
2022_04_15_abb01,lick_03,1010051,1007801,77,spout03,16,2250,abb,1,4/15/2022,sucrose30,sucrose,30
2022_04_15_abb01,lick_04,1021261,1020374,78,spout04,15,887,abb,1,4/15/2022,sucrose05,sucrose,5
2022_04_15_abb01,lick_04,1021440,1020374,78,spout04,15,1066,abb,1,4/15/2022,sucrose05,sucrose,5
2022_04_15_abb01,lick_05,1091362,1090152,83,spout05,17,1210,abb,1,4/15/2022,sucrose20,sucrose,20
2022_04_15_abb01,lick_05,1091528,1090152,83,spout05,17,1376,abb,1,4/15/2022,sucrose20,sucrose,20
2022_04_15_abb01,lick_05,1091641,1090152,83,spout05,17,1489,abb,1,4/15/2022,sucrose20,sucrose,20
2022_04_15_abb01,lick_05,1091964,1090152,83,spout05,17,1812,abb,1,4/15/2022,sucrose20,sucrose,20
2022_04_15_abb01,lick_05,1092084,1090152,83,spout05,17,1932,abb,1,4/15/2022,sucrose20,sucrose,20
2022_04_15_abb01,lick_05,1092398,1090152,83,spout05,17,2246,abb,1,4/15/2022,sucrose20,sucrose,20
2022_04_15_abb01,lick_05,1092630,1090152,83,spout05,17,2478,abb,1,4/15/2022,sucrose20,sucrose,20
2022_04_15_abb01,lick_05,1106302,1103634,84,spout05,18,2668,abb,1,4/15/2022,sucrose20,sucrose,20
2022_04_15_abb01,lick_02,1119972,1119610,85,spout02,17,362,abb,1,4/15/2022,sucrose00,sucrose,0
2022_04_15_abb01,lick_02,1120091,1119610,85,spout02,17,481,abb,1,4/15/2022,sucrose00,sucrose,0
2022_04_15_abb01,lick_02,1120281,1119610,85,spout02,17,671,abb,1,4/15/2022,sucrose00,sucrose,0
2022_04_15_abb01,lick_02,1120455,1119610,85,spout02,17,845,abb,1,4/15/2022,sucrose00,sucrose,0
2022_04_15_abb01,lick_03,1149749,1149440,87,spout03,17,309,abb,1,4/15/2022,sucrose30,sucrose,30
2022_04_15_abb01,lick_03,1149958,1149440,87,spout03,17,518,abb,1,4/15/2022,sucrose30,sucrose,30
2022_04_15_abb01,lick_03,1150073,1149440,87,spout03,17,633,abb,1,4/15/2022,sucrose30,sucrose,30
2022_04_15_abb01,lick_03,1150271,1149440,87,spout03,17,831,abb,1,4/15/2022,sucrose30,sucrose,30
2022_04_15_abb01,lick_03,1150603,1149440,87,spout03,17,1163,abb,1,4/15/2022,sucrose30,sucrose,30
2022_04_15_abb01,lick_03,1151086,1149440,87,spout03,17,1646,abb,1,4/15/2022,sucrose30,sucrose,30
2022_04_15_abb01,lick_03,1151345,1149440,87,spout03,17,1905,abb,1,4/15/2022,sucrose30,sucrose,30
2022_04_15_abb01,lick_03,1151465,1149440,87,spout03,17,2025,abb,1,4/15/2022,sucrose30,sucrose,30
2022_04_15_abb01,lick_03,1152064,1149440,87,spout03,17,2624,abb,1,4/15/2022,sucrose30,sucrose,30
2022_04_15_abb01,lick_03,1152206,1149440,87,spout03,17,2766,abb,1,4/15/2022,sucrose30,sucrose,30
2022_04_15_abb01,lick_03,1162730,1162375,88,spout03,18,355,abb,1,4/15/2022,sucrose30,sucrose,30
2022_04_15_abb01,lick_03,1162873,1162375,88,spout03,18,498,abb,1,4/15/2022,sucrose30,sucrose,30
2022_04_15_abb01,lick_03,1162989,1162375,88,spout03,18,614,abb,1,4/15/2022,sucrose30,sucrose,30
2022_04_15_abb01,lick_03,1163337,1162375,88,spout03,18,962,abb,1,4/15/2022,sucrose30,sucrose,30
2022_04_15_abb01,lick_03,1164102,1162375,88,spout03,18,1727,abb,1,4/15/2022,sucrose30,sucrose,30
2022_04_15_abb01,lick_03,1164230,1162375,88,spout03,18,1855,abb,1,4/15/2022,sucrose30,sucrose,30
2022_04_15_abb01,lick_03,1164342,1162375,88,spout03,18,1967,abb,1,4/15/2022,sucrose30,sucrose,30
2022_04_15_abb01,lick_02,1177110,1176762,89,spout02,18,348,abb,1,4/15/2022,sucrose00,sucrose,0
2022_04_15_abb01,lick_02,1177322,1176762,89,spout02,18,560,abb,1,4/15/2022,sucrose00,sucrose,0
2022_04_15_abb01,lick_05,1205169,1204083,91,spout05,19,1086,abb,1,4/15/2022,sucrose20,sucrose,20
2022_04_15_abb01,lick_05,1205416,1204083,91,spout05,19,1333,abb,1,4/15/2022,sucrose20,sucrose,20
2022_04_15_abb01,lick_05,1205521,1204083,91,spout05,19,1438,abb,1,4/15/2022,sucrose20,sucrose,20
2022_04_15_abb01,lick_05,1205846,1204083,91,spout05,19,1763,abb,1,4/15/2022,sucrose20,sucrose,20
2022_04_15_abb01,lick_05,1206548,1204083,91,spout05,19,2465,abb,1,4/15/2022,sucrose20,sucrose,20
2022_04_15_abb01,lick_05,1206733,1204083,91,spout05,19,2650,abb,1,4/15/2022,sucrose20,sucrose,20
2022_04_15_abb01,lick_05,1206857,1204083,91,spout05,19,2774,abb,1,4/15/2022,sucrose20,sucrose,20
2022_04_15_abb01,lick,1219149,1218537,92,spout01,19,612,abb,1,4/15/2022,sucrose10,sucrose,10
2022_04_15_abb01,lick,1219280,1218537,92,spout01,19,743,abb,1,4/15/2022,sucrose10,sucrose,10
2022_04_15_abb01,lick,1219428,1218537,92,spout01,19,891,abb,1,4/15/2022,sucrose10,sucrose,10
2022_04_15_abb01,lick,1219528,1218537,92,spout01,19,991,abb,1,4/15/2022,sucrose10,sucrose,10
2022_04_15_abb01,lick_04,1230313,1229868,93,spout04,19,445,abb,1,4/15/2022,sucrose05,sucrose,5
2022_04_15_abb01,lick_04,1230444,1229868,93,spout04,19,576,abb,1,4/15/2022,sucrose05,sucrose,5
2022_04_15_abb01,lick_04,1230668,1229868,93,spout04,19,800,abb,1,4/15/2022,sucrose05,sucrose,5
2022_04_15_abb01,lick_02,1241639,1241257,94,spout02,19,382,abb,1,4/15/2022,sucrose00,sucrose,0
2022_04_15_abb01,lick_03,1273182,1272212,96,spout03,19,970,abb,1,4/15/2022,sucrose30,sucrose,30
2022_04_15_abb01,lick_03,1273306,1272212,96,spout03,19,1094,abb,1,4/15/2022,sucrose30,sucrose,30
2022_04_15_abb01,lick_03,1273402,1272212,96,spout03,19,1190,abb,1,4/15/2022,sucrose30,sucrose,30
2022_04_15_abb01,lick_03,1273722,1272212,96,spout03,19,1510,abb,1,4/15/2022,sucrose30,sucrose,30
2022_04_15_abb01,lick_03,1273958,1272212,96,spout03,19,1746,abb,1,4/15/2022,sucrose30,sucrose,30
2022_04_15_abb01,lick_03,1274341,1272212,96,spout03,19,2129,abb,1,4/15/2022,sucrose30,sucrose,30
2022_04_15_abb01,lick_03,1274465,1272212,96,spout03,19,2253,abb,1,4/15/2022,sucrose30,sucrose,30
2022_04_15_abb01,lick_03,1274929,1272212,96,spout03,19,2717,abb,1,4/15/2022,sucrose30,sucrose,30
2022_04_15_abb01,lick_04,1287306,1286859,97,spout04,20,447,abb,1,4/15/2022,sucrose05,sucrose,5
2022_04_15_abb01,lick_04,1287449,1286859,97,spout04,20,590,abb,1,4/15/2022,sucrose05,sucrose,5
2022_04_15_abb01,lick_03,1314874,1314483,99,spout03,20,391,abb,1,4/15/2022,sucrose30,sucrose,30
2022_04_15_abb01,lick_03,1315013,1314483,99,spout03,20,530,abb,1,4/15/2022,sucrose30,sucrose,30
2022_04_15_abb01,lick_03,1315126,1314483,99,spout03,20,643,abb,1,4/15/2022,sucrose30,sucrose,30
2022_04_15_abb01,lick_03,1315338,1314483,99,spout03,20,855,abb,1,4/15/2022,sucrose30,sucrose,30
2022_04_15_abb01,lick_03,1315562,1314483,99,spout03,20,1079,abb,1,4/15/2022,sucrose30,sucrose,30
2022_04_15_abb01,lick_03,1316033,1314483,99,spout03,20,1550,abb,1,4/15/2022,sucrose30,sucrose,30
2022_04_15_abb01,lick_03,1316791,1314483,99,spout03,20,2308,abb,1,4/15/2022,sucrose30,sucrose,30
2022_04_15_abb01,lick_03,1316941,1314483,99,spout03,20,2458,abb,1,4/15/2022,sucrose30,sucrose,30
2022_04_15_abb01,lick_05,1326978,1326663,100,spout05,20,315,abb,1,4/15/2022,sucrose20,sucrose,20
2022_04_15_abb01,lick_05,1327185,1326663,100,spout05,20,522,abb,1,4/15/2022,sucrose20,sucrose,20
2022_04_15_abb01,lick_05,1327322,1326663,100,spout05,20,659,abb,1,4/15/2022,sucrose20,sucrose,20
2022_04_15_abb01,lick_05,1327422,1326663,100,spout05,20,759,abb,1,4/15/2022,sucrose20,sucrose,20
