blockname,date,event_key,event_id,event_id_char,event_ts
2022_04_28_abb06,2022_04_28,1,11,break_engaged,0
2022_04_28_abb06,2022_04_28,1,13,spout_extended,0
2022_04_28_abb06,2022_04_28,1,1,start_session,0
2022_04_28_abb06,2022_04_28,1,15,spout_retracted,0
2022_04_28_abb06,2022_04_28,1,13,spout_extended,9046
2022_04_28_abb06,2022_04_28,1,15,spout_retracted,12046
2022_04_28_abb06,2022_04_28,1,11,break_engaged,12047
2022_04_28_abb06,2022_04_28,1,15,spout_retracted,12247
2022_04_28_abb06,2022_04_28,1,130,radial_in_pos,12947
2022_04_28_abb06,2022_04_28,1,13,spout_extended,20482
2022_04_28_abb06,2022_04_28,1,31,lick,22639
2022_04_28_abb06,2022_04_28,1,41,sol_onset_01,22639
2022_04_28_abb06,2022_04_28,1,14,sol_offset,22657
2022_04_28_abb06,2022_04_28,1,31,lick,22774
2022_04_28_abb06,2022_04_28,1,41,sol_onset_01,22774
2022_04_28_abb06,2022_04_28,1,14,sol_offset,22792
2022_04_28_abb06,2022_04_28,1,31,lick,22890
2022_04_28_abb06,2022_04_28,1,41,sol_onset_01,22890
2022_04_28_abb06,2022_04_28,1,14,sol_offset,22908
2022_04_28_abb06,2022_04_28,1,31,lick,22991
2022_04_28_abb06,2022_04_28,1,41,sol_onset_01,22991
2022_04_28_abb06,2022_04_28,1,14,sol_offset,23009
2022_04_28_abb06,2022_04_28,1,31,lick,23107
2022_04_28_abb06,2022_04_28,1,41,sol_onset_01,23107
2022_04_28_abb06,2022_04_28,1,14,sol_offset,23126
2022_04_28_abb06,2022_04_28,1,31,lick,23319
2022_04_28_abb06,2022_04_28,1,41,sol_onset_01,23319
2022_04_28_abb06,2022_04_28,1,14,sol_offset,23337
2022_04_28_abb06,2022_04_28,1,31,lick,23439
2022_04_28_abb06,2022_04_28,1,41,sol_onset_01,23439
2022_04_28_abb06,2022_04_28,1,14,sol_offset,23457
2022_04_28_abb06,2022_04_28,1,15,spout_retracted,23482
2022_04_28_abb06,2022_04_28,1,11,break_engaged,23483
2022_04_28_abb06,2022_04_28,1,15,spout_retracted,23683
2022_04_28_abb06,2022_04_28,1,130,radial_in_pos,24383
2022_04_28_abb06,2022_04_28,1,13,spout_extended,32021
2022_04_28_abb06,2022_04_28,1,15,spout_retracted,35021
2022_04_28_abb06,2022_04_28,1,11,break_engaged,35022
2022_04_28_abb06,2022_04_28,1,15,spout_retracted,35222
2022_04_28_abb06,2022_04_28,1,130,radial_in_pos,35922
2022_04_28_abb06,2022_04_28,1,13,spout_extended,43498
2022_04_28_abb06,2022_04_28,1,33,lick_03,45911
2022_04_28_abb06,2022_04_28,1,43,sol_onset_03,45911
2022_04_28_abb06,2022_04_28,1,14,sol_offset,45936
2022_04_28_abb06,2022_04_28,1,33,lick_03,46022
2022_04_28_abb06,2022_04_28,1,43,sol_onset_03,46022
2022_04_28_abb06,2022_04_28,1,14,sol_offset,46047
2022_04_28_abb06,2022_04_28,1,33,lick_03,46142
2022_04_28_abb06,2022_04_28,1,43,sol_onset_03,46142
2022_04_28_abb06,2022_04_28,1,14,sol_offset,46167
2022_04_28_abb06,2022_04_28,1,33,lick_03,46246
2022_04_28_abb06,2022_04_28,1,43,sol_onset_03,46246
2022_04_28_abb06,2022_04_28,1,14,sol_offset,46271
2022_04_28_abb06,2022_04_28,1,33,lick_03,46359
2022_04_28_abb06,2022_04_28,1,43,sol_onset_03,46359
2022_04_28_abb06,2022_04_28,1,14,sol_offset,46384
2022_04_28_abb06,2022_04_28,1,33,lick_03,46464
2022_04_28_abb06,2022_04_28,1,43,sol_onset_03,46464
2022_04_28_abb06,2022_04_28,1,14,sol_offset,46489
2022_04_28_abb06,2022_04_28,1,15,spout_retracted,46498
2022_04_28_abb06,2022_04_28,1,11,break_engaged,46499
2022_04_28_abb06,2022_04_28,1,15,spout_retracted,46699
2022_04_28_abb06,2022_04_28,1,130,radial_in_pos,47399
2022_04_28_abb06,2022_04_28,1,13,spout_extended,56591
2022_04_28_abb06,2022_04_28,1,31,lick,56939
2022_04_28_abb06,2022_04_28,1,41,sol_onset_01,56939
2022_04_28_abb06,2022_04_28,1,14,sol_offset,56957
2022_04_28_abb06,2022_04_28,1,31,lick,57070
2022_04_28_abb06,2022_04_28,1,41,sol_onset_01,57070
2022_04_28_abb06,2022_04_28,1,14,sol_offset,57088
2022_04_28_abb06,2022_04_28,1,31,lick,57163
2022_04_28_abb06,2022_04_28,1,41,sol_onset_01,57163
2022_04_28_abb06,2022_04_28,1,14,sol_offset,57181
2022_04_28_abb06,2022_04_28,1,31,lick,57735
2022_04_28_abb06,2022_04_28,1,41,sol_onset_01,57735
2022_04_28_abb06,2022_04_28,1,14,sol_offset,57753
2022_04_28_abb06,2022_04_28,1,31,lick,58048
2022_04_28_abb06,2022_04_28,1,41,sol_onset_01,58048
2022_04_28_abb06,2022_04_28,1,14,sol_offset,58066
2022_04_28_abb06,2022_04_28,1,31,lick,58551
2022_04_28_abb06,2022_04_28,1,41,sol_onset_01,58551
2022_04_28_abb06,2022_04_28,1,14,sol_offset,58569
2022_04_28_abb06,2022_04_28,1,15,spout_retracted,59591
2022_04_28_abb06,2022_04_28,1,11,break_engaged,59592
2022_04_28_abb06,2022_04_28,1,15,spout_retracted,59792
2022_04_28_abb06,2022_04_28,1,130,radial_in_pos,60492
2022_04_28_abb06,2022_04_28,1,13,spout_extended,69446
2022_04_28_abb06,2022_04_28,1,15,spout_retracted,72446
2022_04_28_abb06,2022_04_28,1,11,break_engaged,72448
2022_04_28_abb06,2022_04_28,1,15,spout_retracted,72648
2022_04_28_abb06,2022_04_28,1,130,radial_in_pos,73348
2022_04_28_abb06,2022_04_28,1,13,spout_extended,84146
2022_04_28_abb06,2022_04_28,1,35,lick_05,84449
2022_04_28_abb06,2022_04_28,1,45,sol_onset_05,84449
2022_04_28_abb06,2022_04_28,1,14,sol_offset,84460
2022_04_28_abb06,2022_04_28,1,35,lick_05,84584
2022_04_28_abb06,2022_04_28,1,45,sol_onset_05,84584
2022_04_28_abb06,2022_04_28,1,14,sol_offset,84595
2022_04_28_abb06,2022_04_28,1,35,lick_05,84731
2022_04_28_abb06,2022_04_28,1,45,sol_onset_05,84731
2022_04_28_abb06,2022_04_28,1,14,sol_offset,84742
2022_04_28_abb06,2022_04_28,1,35,lick_05,84843
2022_04_28_abb06,2022_04_28,1,45,sol_onset_05,84843
2022_04_28_abb06,2022_04_28,1,14,sol_offset,84854
2022_04_28_abb06,2022_04_28,1,35,lick_05,84939
2022_04_28_abb06,2022_04_28,1,45,sol_onset_05,84939
2022_04_28_abb06,2022_04_28,1,14,sol_offset,84950
2022_04_28_abb06,2022_04_28,1,35,lick_05,85037
2022_04_28_abb06,2022_04_28,1,45,sol_onset_05,85037
2022_04_28_abb06,2022_04_28,1,14,sol_offset,85048
2022_04_28_abb06,2022_04_28,1,35,lick_05,85148
2022_04_28_abb06,2022_04_28,1,45,sol_onset_05,85148
2022_04_28_abb06,2022_04_28,1,14,sol_offset,85159
2022_04_28_abb06,2022_04_28,1,35,lick_05,85265
2022_04_28_abb06,2022_04_28,1,45,sol_onset_05,85265
2022_04_28_abb06,2022_04_28,1,14,sol_offset,85276
2022_04_28_abb06,2022_04_28,1,35,lick_05,85400
2022_04_28_abb06,2022_04_28,1,45,sol_onset_05,85400
2022_04_28_abb06,2022_04_28,1,14,sol_offset,85411
2022_04_28_abb06,2022_04_28,1,35,lick_05,85524
2022_04_28_abb06,2022_04_28,1,45,sol_onset_05,85524
2022_04_28_abb06,2022_04_28,1,14,sol_offset,85535
2022_04_28_abb06,2022_04_28,1,35,lick_05,85652
2022_04_28_abb06,2022_04_28,1,45,sol_onset_05,85652
2022_04_28_abb06,2022_04_28,1,14,sol_offset,85663
2022_04_28_abb06,2022_04_28,1,35,lick_05,85764
2022_04_28_abb06,2022_04_28,1,45,sol_onset_05,85764
2022_04_28_abb06,2022_04_28,1,14,sol_offset,85775
2022_04_28_abb06,2022_04_28,1,35,lick_05,85899
2022_04_28_abb06,2022_04_28,1,45,sol_onset_05,85899
2022_04_28_abb06,2022_04_28,1,14,sol_offset,85910
2022_04_28_abb06,2022_04_28,1,35,lick_05,86011
2022_04_28_abb06,2022_04_28,1,45,sol_onset_05,86011
2022_04_28_abb06,2022_04_28,1,14,sol_offset,86022
2022_04_28_abb06,2022_04_28,1,35,lick_05,86158
2022_04_28_abb06,2022_04_28,1,45,sol_onset_05,86158
2022_04_28_abb06,2022_04_28,1,14,sol_offset,86169
2022_04_28_abb06,2022_04_28,1,35,lick_05,86293
2022_04_28_abb06,2022_04_28,1,45,sol_onset_05,86293
2022_04_28_abb06,2022_04_28,1,14,sol_offset,86304
2022_04_28_abb06,2022_04_28,1,35,lick_05,86439
2022_04_28_abb06,2022_04_28,1,45,sol_onset_05,86439
2022_04_28_abb06,2022_04_28,1,14,sol_offset,86450
2022_04_28_abb06,2022_04_28,1,35,lick_05,86579
2022_04_28_abb06,2022_04_28,1,45,sol_onset_05,86579
2022_04_28_abb06,2022_04_28,1,14,sol_offset,86590
2022_04_28_abb06,2022_04_28,1,35,lick_05,86714
2022_04_28_abb06,2022_04_28,1,45,sol_onset_05,86714
2022_04_28_abb06,2022_04_28,1,14,sol_offset,86725
2022_04_28_abb06,2022_04_28,1,35,lick_05,86854
2022_04_28_abb06,2022_04_28,1,45,sol_onset_05,86854
2022_04_28_abb06,2022_04_28,1,14,sol_offset,86865
2022_04_28_abb06,2022_04_28,1,35,lick_05,87001
2022_04_28_abb06,2022_04_28,1,45,sol_onset_05,87001
2022_04_28_abb06,2022_04_28,1,14,sol_offset,87012
2022_04_28_abb06,2022_04_28,1,35,lick_05,87139
2022_04_28_abb06,2022_04_28,1,45,sol_onset_05,87139
2022_04_28_abb06,2022_04_28,1,15,spout_retracted,87146
2022_04_28_abb06,2022_04_28,1,11,break_engaged,87147
2022_04_28_abb06,2022_04_28,1,14,sol_offset,87150
2022_04_28_abb06,2022_04_28,1,15,spout_retracted,87347
2022_04_28_abb06,2022_04_28,1,130,radial_in_pos,88047
2022_04_28_abb06,2022_04_28,1,13,spout_extended,96211
2022_04_28_abb06,2022_04_28,1,33,lick_03,96537
2022_04_28_abb06,2022_04_28,1,43,sol_onset_03,96537
2022_04_28_abb06,2022_04_28,1,14,sol_offset,96562
2022_04_28_abb06,2022_04_28,1,33,lick_03,96672
2022_04_28_abb06,2022_04_28,1,43,sol_onset_03,96672
2022_04_28_abb06,2022_04_28,1,14,sol_offset,96697
2022_04_28_abb06,2022_04_28,1,33,lick_03,96761
2022_04_28_abb06,2022_04_28,1,43,sol_onset_03,96761
2022_04_28_abb06,2022_04_28,1,14,sol_offset,96786
2022_04_28_abb06,2022_04_28,1,33,lick_03,97175
2022_04_28_abb06,2022_04_28,1,43,sol_onset_03,97175
2022_04_28_abb06,2022_04_28,1,14,sol_offset,97200
2022_04_28_abb06,2022_04_28,1,33,lick_03,97349
2022_04_28_abb06,2022_04_28,1,43,sol_onset_03,97349
2022_04_28_abb06,2022_04_28,1,14,sol_offset,97374
2022_04_28_abb06,2022_04_28,1,33,lick_03,97816
2022_04_28_abb06,2022_04_28,1,43,sol_onset_03,97816
2022_04_28_abb06,2022_04_28,1,14,sol_offset,97841
2022_04_28_abb06,2022_04_28,1,33,lick_03,99103
2022_04_28_abb06,2022_04_28,1,43,sol_onset_03,99103
2022_04_28_abb06,2022_04_28,1,14,sol_offset,99128
2022_04_28_abb06,2022_04_28,1,15,spout_retracted,99211
2022_04_28_abb06,2022_04_28,1,11,break_engaged,99212
2022_04_28_abb06,2022_04_28,1,15,spout_retracted,99412
2022_04_28_abb06,2022_04_28,1,130,radial_in_pos,100112
2022_04_28_abb06,2022_04_28,1,13,spout_extended,107851
2022_04_28_abb06,2022_04_28,1,32,lick_02,108153
2022_04_28_abb06,2022_04_28,1,42,sol_onset_02,108153
2022_04_28_abb06,2022_04_28,1,14,sol_offset,108187
2022_04_28_abb06,2022_04_28,1,32,lick_02,108284
2022_04_28_abb06,2022_04_28,1,42,sol_onset_02,108284
2022_04_28_abb06,2022_04_28,1,14,sol_offset,108318
2022_04_28_abb06,2022_04_28,1,32,lick_02,108416
2022_04_28_abb06,2022_04_28,1,42,sol_onset_02,108416
2022_04_28_abb06,2022_04_28,1,14,sol_offset,108450
2022_04_28_abb06,2022_04_28,1,15,spout_retracted,110851
2022_04_28_abb06,2022_04_28,1,11,break_engaged,110852
2022_04_28_abb06,2022_04_28,1,15,spout_retracted,111052
2022_04_28_abb06,2022_04_28,1,130,radial_in_pos,111752
2022_04_28_abb06,2022_04_28,1,13,spout_extended,121584
2022_04_28_abb06,2022_04_28,1,35,lick_05,121870
2022_04_28_abb06,2022_04_28,1,45,sol_onset_05,121870
2022_04_28_abb06,2022_04_28,1,14,sol_offset,121881
2022_04_28_abb06,2022_04_28,1,35,lick_05,122079
2022_04_28_abb06,2022_04_28,1,45,sol_onset_05,122079
2022_04_28_abb06,2022_04_28,1,14,sol_offset,122090
2022_04_28_abb06,2022_04_28,1,35,lick_05,122214
2022_04_28_abb06,2022_04_28,1,45,sol_onset_05,122214
2022_04_28_abb06,2022_04_28,1,14,sol_offset,122225
2022_04_28_abb06,2022_04_28,1,35,lick_05,122303
2022_04_28_abb06,2022_04_28,1,45,sol_onset_05,122303
2022_04_28_abb06,2022_04_28,1,14,sol_offset,122314
2022_04_28_abb06,2022_04_28,1,35,lick_05,122527
2022_04_28_abb06,2022_04_28,1,45,sol_onset_05,122527
2022_04_28_abb06,2022_04_28,1,14,sol_offset,122539
2022_04_28_abb06,2022_04_28,1,35,lick_05,122650
2022_04_28_abb06,2022_04_28,1,45,sol_onset_05,122650
2022_04_28_abb06,2022_04_28,1,14,sol_offset,122661
2022_04_28_abb06,2022_04_28,1,35,lick_05,122782
2022_04_28_abb06,2022_04_28,1,45,sol_onset_05,122782
2022_04_28_abb06,2022_04_28,1,14,sol_offset,122793
2022_04_28_abb06,2022_04_28,1,35,lick_05,122909
2022_04_28_abb06,2022_04_28,1,45,sol_onset_05,122909
2022_04_28_abb06,2022_04_28,1,14,sol_offset,122920
2022_04_28_abb06,2022_04_28,1,35,lick_05,123033
2022_04_28_abb06,2022_04_28,1,45,sol_onset_05,123033
2022_04_28_abb06,2022_04_28,1,14,sol_offset,123044
2022_04_28_abb06,2022_04_28,1,35,lick_05,123172
2022_04_28_abb06,2022_04_28,1,45,sol_onset_05,123172
2022_04_28_abb06,2022_04_28,1,14,sol_offset,123183
2022_04_28_abb06,2022_04_28,1,35,lick_05,123316
2022_04_28_abb06,2022_04_28,1,45,sol_onset_05,123316
2022_04_28_abb06,2022_04_28,1,14,sol_offset,123327
2022_04_28_abb06,2022_04_28,1,35,lick_05,123458
2022_04_28_abb06,2022_04_28,1,45,sol_onset_05,123458
2022_04_28_abb06,2022_04_28,1,14,sol_offset,123469
2022_04_28_abb06,2022_04_28,1,35,lick_05,123597
2022_04_28_abb06,2022_04_28,1,45,sol_onset_05,123597
2022_04_28_abb06,2022_04_28,1,14,sol_offset,123608
2022_04_28_abb06,2022_04_28,1,35,lick_05,123717
2022_04_28_abb06,2022_04_28,1,45,sol_onset_05,123717
2022_04_28_abb06,2022_04_28,1,14,sol_offset,123728
2022_04_28_abb06,2022_04_28,1,35,lick_05,123860
2022_04_28_abb06,2022_04_28,1,45,sol_onset_05,123860
2022_04_28_abb06,2022_04_28,1,14,sol_offset,123871
2022_04_28_abb06,2022_04_28,1,35,lick_05,123996
2022_04_28_abb06,2022_04_28,1,45,sol_onset_05,123996
2022_04_28_abb06,2022_04_28,1,14,sol_offset,124007
2022_04_28_abb06,2022_04_28,1,35,lick_05,124124
2022_04_28_abb06,2022_04_28,1,45,sol_onset_05,124124
2022_04_28_abb06,2022_04_28,1,14,sol_offset,124135
2022_04_28_abb06,2022_04_28,1,35,lick_05,124270
2022_04_28_abb06,2022_04_28,1,45,sol_onset_05,124270
2022_04_28_abb06,2022_04_28,1,14,sol_offset,124281
2022_04_28_abb06,2022_04_28,1,35,lick_05,124413
2022_04_28_abb06,2022_04_28,1,45,sol_onset_05,124413
2022_04_28_abb06,2022_04_28,1,14,sol_offset,124424
2022_04_28_abb06,2022_04_28,1,35,lick_05,124556
2022_04_28_abb06,2022_04_28,1,45,sol_onset_05,124556
2022_04_28_abb06,2022_04_28,1,14,sol_offset,124567
2022_04_28_abb06,2022_04_28,1,15,spout_retracted,124584
2022_04_28_abb06,2022_04_28,1,11,break_engaged,124585
2022_04_28_abb06,2022_04_28,1,15,spout_retracted,124785
2022_04_28_abb06,2022_04_28,1,130,radial_in_pos,125485
2022_04_28_abb06,2022_04_28,1,13,spout_extended,133582
2022_04_28_abb06,2022_04_28,1,32,lick_02,133841
2022_04_28_abb06,2022_04_28,1,42,sol_onset_02,133841
2022_04_28_abb06,2022_04_28,1,14,sol_offset,133875
2022_04_28_abb06,2022_04_28,1,32,lick_02,133968
2022_04_28_abb06,2022_04_28,1,42,sol_onset_02,133968
2022_04_28_abb06,2022_04_28,1,14,sol_offset,134002
2022_04_28_abb06,2022_04_28,1,32,lick_02,134095
2022_04_28_abb06,2022_04_28,1,42,sol_onset_02,134095
2022_04_28_abb06,2022_04_28,1,14,sol_offset,134129
2022_04_28_abb06,2022_04_28,1,15,spout_retracted,136582
2022_04_28_abb06,2022_04_28,1,11,break_engaged,136583
2022_04_28_abb06,2022_04_28,1,15,spout_retracted,136783
2022_04_28_abb06,2022_04_28,1,130,radial_in_pos,137483
2022_04_28_abb06,2022_04_28,1,13,spout_extended,145782
2022_04_28_abb06,2022_04_28,1,31,lick,146116
2022_04_28_abb06,2022_04_28,1,41,sol_onset_01,146116
2022_04_28_abb06,2022_04_28,1,14,sol_offset,146134
2022_04_28_abb06,2022_04_28,1,31,lick,146344
2022_04_28_abb06,2022_04_28,1,41,sol_onset_01,146344
2022_04_28_abb06,2022_04_28,1,14,sol_offset,146362
2022_04_28_abb06,2022_04_28,1,15,spout_retracted,148782
2022_04_28_abb06,2022_04_28,1,11,break_engaged,148783
2022_04_28_abb06,2022_04_28,1,15,spout_retracted,148983
2022_04_28_abb06,2022_04_28,1,130,radial_in_pos,149683
2022_04_28_abb06,2022_04_28,1,13,spout_extended,159235
2022_04_28_abb06,2022_04_28,1,32,lick_02,159497
2022_04_28_abb06,2022_04_28,1,42,sol_onset_02,159497
2022_04_28_abb06,2022_04_28,1,14,sol_offset,159531
2022_04_28_abb06,2022_04_28,1,32,lick_02,159654
2022_04_28_abb06,2022_04_28,1,42,sol_onset_02,159654
2022_04_28_abb06,2022_04_28,1,14,sol_offset,159688
2022_04_28_abb06,2022_04_28,1,32,lick_02,159844
2022_04_28_abb06,2022_04_28,1,42,sol_onset_02,159844
2022_04_28_abb06,2022_04_28,1,14,sol_offset,159878
2022_04_28_abb06,2022_04_28,1,32,lick_02,160100
2022_04_28_abb06,2022_04_28,1,42,sol_onset_02,160100
2022_04_28_abb06,2022_04_28,1,14,sol_offset,160134
2022_04_28_abb06,2022_04_28,1,32,lick_02,160324
2022_04_28_abb06,2022_04_28,1,42,sol_onset_02,160324
2022_04_28_abb06,2022_04_28,1,14,sol_offset,160358
2022_04_28_abb06,2022_04_28,1,32,lick_02,160471
2022_04_28_abb06,2022_04_28,1,42,sol_onset_02,160471
2022_04_28_abb06,2022_04_28,1,14,sol_offset,160505
2022_04_28_abb06,2022_04_28,1,32,lick_02,160594
2022_04_28_abb06,2022_04_28,1,42,sol_onset_02,160594
2022_04_28_abb06,2022_04_28,1,14,sol_offset,160628
2022_04_28_abb06,2022_04_28,1,32,lick_02,160746
2022_04_28_abb06,2022_04_28,1,42,sol_onset_02,160746
2022_04_28_abb06,2022_04_28,1,14,sol_offset,160780
2022_04_28_abb06,2022_04_28,1,32,lick_02,161306
2022_04_28_abb06,2022_04_28,1,42,sol_onset_02,161306
2022_04_28_abb06,2022_04_28,1,14,sol_offset,161340
2022_04_28_abb06,2022_04_28,1,32,lick_02,161468
2022_04_28_abb06,2022_04_28,1,42,sol_onset_02,161468
2022_04_28_abb06,2022_04_28,1,14,sol_offset,161502
2022_04_28_abb06,2022_04_28,1,15,spout_retracted,162235
2022_04_28_abb06,2022_04_28,1,11,break_engaged,162236
2022_04_28_abb06,2022_04_28,1,15,spout_retracted,162436
2022_04_28_abb06,2022_04_28,1,130,radial_in_pos,163136
2022_04_28_abb06,2022_04_28,1,13,spout_extended,173800
2022_04_28_abb06,2022_04_28,1,15,spout_retracted,176800
2022_04_28_abb06,2022_04_28,1,11,break_engaged,176801
2022_04_28_abb06,2022_04_28,1,15,spout_retracted,177001
2022_04_28_abb06,2022_04_28,1,130,radial_in_pos,177701
2022_04_28_abb06,2022_04_28,1,13,spout_extended,185264
2022_04_28_abb06,2022_04_28,1,15,spout_retracted,188264
2022_04_28_abb06,2022_04_28,1,11,break_engaged,188265
2022_04_28_abb06,2022_04_28,1,15,spout_retracted,188465
2022_04_28_abb06,2022_04_28,1,130,radial_in_pos,189165
2022_04_28_abb06,2022_04_28,1,13,spout_extended,201259
2022_04_28_abb06,2022_04_28,1,35,lick_05,201635
2022_04_28_abb06,2022_04_28,1,45,sol_onset_05,201635
2022_04_28_abb06,2022_04_28,1,14,sol_offset,201646
2022_04_28_abb06,2022_04_28,1,35,lick_05,201771
2022_04_28_abb06,2022_04_28,1,45,sol_onset_05,201771
2022_04_28_abb06,2022_04_28,1,14,sol_offset,201782
2022_04_28_abb06,2022_04_28,1,35,lick_05,201871
2022_04_28_abb06,2022_04_28,1,45,sol_onset_05,201871
2022_04_28_abb06,2022_04_28,1,14,sol_offset,201882
2022_04_28_abb06,2022_04_28,1,35,lick_05,202002
2022_04_28_abb06,2022_04_28,1,45,sol_onset_05,202002
2022_04_28_abb06,2022_04_28,1,14,sol_offset,202013
2022_04_28_abb06,2022_04_28,1,35,lick_05,202099
2022_04_28_abb06,2022_04_28,1,45,sol_onset_05,202099
2022_04_28_abb06,2022_04_28,1,14,sol_offset,202110
2022_04_28_abb06,2022_04_28,1,35,lick_05,202226
2022_04_28_abb06,2022_04_28,1,45,sol_onset_05,202226
2022_04_28_abb06,2022_04_28,1,14,sol_offset,202237
2022_04_28_abb06,2022_04_28,1,35,lick_05,202331
2022_04_28_abb06,2022_04_28,1,45,sol_onset_05,202331
2022_04_28_abb06,2022_04_28,1,14,sol_offset,202342
2022_04_28_abb06,2022_04_28,1,35,lick_05,202470
2022_04_28_abb06,2022_04_28,1,45,sol_onset_05,202470
2022_04_28_abb06,2022_04_28,1,14,sol_offset,202481
2022_04_28_abb06,2022_04_28,1,35,lick_05,202590
2022_04_28_abb06,2022_04_28,1,45,sol_onset_05,202590
2022_04_28_abb06,2022_04_28,1,14,sol_offset,202601
2022_04_28_abb06,2022_04_28,1,35,lick_05,202733
2022_04_28_abb06,2022_04_28,1,45,sol_onset_05,202733
2022_04_28_abb06,2022_04_28,1,14,sol_offset,202744
2022_04_28_abb06,2022_04_28,1,35,lick_05,202841
2022_04_28_abb06,2022_04_28,1,45,sol_onset_05,202841
2022_04_28_abb06,2022_04_28,1,14,sol_offset,202852
2022_04_28_abb06,2022_04_28,1,35,lick_05,202988
2022_04_28_abb06,2022_04_28,1,45,sol_onset_05,202988
2022_04_28_abb06,2022_04_28,1,14,sol_offset,202999
2022_04_28_abb06,2022_04_28,1,35,lick_05,203092
2022_04_28_abb06,2022_04_28,1,45,sol_onset_05,203092
2022_04_28_abb06,2022_04_28,1,14,sol_offset,203103
2022_04_28_abb06,2022_04_28,1,35,lick_05,203247
2022_04_28_abb06,2022_04_28,1,45,sol_onset_05,203247
2022_04_28_abb06,2022_04_28,1,14,sol_offset,203258
2022_04_28_abb06,2022_04_28,1,35,lick_05,203363
2022_04_28_abb06,2022_04_28,1,45,sol_onset_05,203363
2022_04_28_abb06,2022_04_28,1,14,sol_offset,203374
2022_04_28_abb06,2022_04_28,1,35,lick_05,203591
2022_04_28_abb06,2022_04_28,1,45,sol_onset_05,203591
2022_04_28_abb06,2022_04_28,1,14,sol_offset,203602
2022_04_28_abb06,2022_04_28,1,35,lick_05,203873
2022_04_28_abb06,2022_04_28,1,45,sol_onset_05,203873
2022_04_28_abb06,2022_04_28,1,14,sol_offset,203884
2022_04_28_abb06,2022_04_28,1,35,lick_05,204066
2022_04_28_abb06,2022_04_28,1,45,sol_onset_05,204066
2022_04_28_abb06,2022_04_28,1,14,sol_offset,204077
2022_04_28_abb06,2022_04_28,1,35,lick_05,204206
2022_04_28_abb06,2022_04_28,1,45,sol_onset_05,204206
2022_04_28_abb06,2022_04_28,1,14,sol_offset,204217
2022_04_28_abb06,2022_04_28,1,15,spout_retracted,204259
2022_04_28_abb06,2022_04_28,1,11,break_engaged,204260
2022_04_28_abb06,2022_04_28,1,15,spout_retracted,204460
2022_04_28_abb06,2022_04_28,1,130,radial_in_pos,205160
2022_04_28_abb06,2022_04_28,1,13,spout_extended,213227
2022_04_28_abb06,2022_04_28,1,35,lick_05,213493
2022_04_28_abb06,2022_04_28,1,45,sol_onset_05,213493
2022_04_28_abb06,2022_04_28,1,14,sol_offset,213504
2022_04_28_abb06,2022_04_28,1,35,lick_05,213633
2022_04_28_abb06,2022_04_28,1,45,sol_onset_05,213633
2022_04_28_abb06,2022_04_28,1,14,sol_offset,213644
2022_04_28_abb06,2022_04_28,1,35,lick_05,213760
2022_04_28_abb06,2022_04_28,1,45,sol_onset_05,213760
2022_04_28_abb06,2022_04_28,1,14,sol_offset,213771
2022_04_28_abb06,2022_04_28,1,35,lick_05,213883
2022_04_28_abb06,2022_04_28,1,45,sol_onset_05,213883
2022_04_28_abb06,2022_04_28,1,14,sol_offset,213894
2022_04_28_abb06,2022_04_28,1,35,lick_05,214003
2022_04_28_abb06,2022_04_28,1,45,sol_onset_05,214003
2022_04_28_abb06,2022_04_28,1,14,sol_offset,214014
2022_04_28_abb06,2022_04_28,1,35,lick_05,214119
2022_04_28_abb06,2022_04_28,1,45,sol_onset_05,214119
2022_04_28_abb06,2022_04_28,1,14,sol_offset,214130
2022_04_28_abb06,2022_04_28,1,35,lick_05,214270
2022_04_28_abb06,2022_04_28,1,45,sol_onset_05,214270
2022_04_28_abb06,2022_04_28,1,14,sol_offset,214281
2022_04_28_abb06,2022_04_28,1,35,lick_05,214429
2022_04_28_abb06,2022_04_28,1,45,sol_onset_05,214429
2022_04_28_abb06,2022_04_28,1,14,sol_offset,214440
2022_04_28_abb06,2022_04_28,1,35,lick_05,214576
2022_04_28_abb06,2022_04_28,1,45,sol_onset_05,214576
2022_04_28_abb06,2022_04_28,1,14,sol_offset,214587
2022_04_28_abb06,2022_04_28,1,35,lick_05,214757
2022_04_28_abb06,2022_04_28,1,45,sol_onset_05,214757
2022_04_28_abb06,2022_04_28,1,14,sol_offset,214768
2022_04_28_abb06,2022_04_28,1,35,lick_05,214900
2022_04_28_abb06,2022_04_28,1,45,sol_onset_05,214900
2022_04_28_abb06,2022_04_28,1,14,sol_offset,214912
2022_04_28_abb06,2022_04_28,1,35,lick_05,215031
2022_04_28_abb06,2022_04_28,1,45,sol_onset_05,215031
2022_04_28_abb06,2022_04_28,1,14,sol_offset,215042
2022_04_28_abb06,2022_04_28,1,35,lick_05,215162
2022_04_28_abb06,2022_04_28,1,45,sol_onset_05,215162
2022_04_28_abb06,2022_04_28,1,14,sol_offset,215173
2022_04_28_abb06,2022_04_28,1,35,lick_05,215294
2022_04_28_abb06,2022_04_28,1,45,sol_onset_05,215294
2022_04_28_abb06,2022_04_28,1,14,sol_offset,215305
2022_04_28_abb06,2022_04_28,1,35,lick_05,215438
2022_04_28_abb06,2022_04_28,1,45,sol_onset_05,215438
2022_04_28_abb06,2022_04_28,1,14,sol_offset,215449
2022_04_28_abb06,2022_04_28,1,35,lick_05,215580
2022_04_28_abb06,2022_04_28,1,45,sol_onset_05,215580
2022_04_28_abb06,2022_04_28,1,14,sol_offset,215591
2022_04_28_abb06,2022_04_28,1,35,lick_05,215685
2022_04_28_abb06,2022_04_28,1,45,sol_onset_05,215685
2022_04_28_abb06,2022_04_28,1,14,sol_offset,215696
2022_04_28_abb06,2022_04_28,1,35,lick_05,215855
2022_04_28_abb06,2022_04_28,1,45,sol_onset_05,215855
2022_04_28_abb06,2022_04_28,1,14,sol_offset,215866
2022_04_28_abb06,2022_04_28,1,35,lick_05,215955
2022_04_28_abb06,2022_04_28,1,45,sol_onset_05,215955
2022_04_28_abb06,2022_04_28,1,14,sol_offset,215966
2022_04_28_abb06,2022_04_28,1,35,lick_05,216179
2022_04_28_abb06,2022_04_28,1,45,sol_onset_05,216179
2022_04_28_abb06,2022_04_28,1,14,sol_offset,216190
2022_04_28_abb06,2022_04_28,1,15,spout_retracted,216227
2022_04_28_abb06,2022_04_28,1,11,break_engaged,216228
2022_04_28_abb06,2022_04_28,1,15,spout_retracted,216428
2022_04_28_abb06,2022_04_28,1,130,radial_in_pos,217128
2022_04_28_abb06,2022_04_28,1,13,spout_extended,225401
2022_04_28_abb06,2022_04_28,1,15,spout_retracted,228401
2022_04_28_abb06,2022_04_28,1,11,break_engaged,228402
2022_04_28_abb06,2022_04_28,1,15,spout_retracted,228602
2022_04_28_abb06,2022_04_28,1,130,radial_in_pos,229302
2022_04_28_abb06,2022_04_28,1,13,spout_extended,241399
2022_04_28_abb06,2022_04_28,1,33,lick_03,241688
2022_04_28_abb06,2022_04_28,1,43,sol_onset_03,241688
2022_04_28_abb06,2022_04_28,1,14,sol_offset,241713
2022_04_28_abb06,2022_04_28,1,33,lick_03,241812
2022_04_28_abb06,2022_04_28,1,43,sol_onset_03,241812
2022_04_28_abb06,2022_04_28,1,14,sol_offset,241837
2022_04_28_abb06,2022_04_28,1,33,lick_03,241932
2022_04_28_abb06,2022_04_28,1,43,sol_onset_03,241932
2022_04_28_abb06,2022_04_28,1,14,sol_offset,241957
2022_04_28_abb06,2022_04_28,1,33,lick_03,242063
2022_04_28_abb06,2022_04_28,1,43,sol_onset_03,242063
2022_04_28_abb06,2022_04_28,1,14,sol_offset,242088
2022_04_28_abb06,2022_04_28,1,33,lick_03,242465
2022_04_28_abb06,2022_04_28,1,43,sol_onset_03,242465
2022_04_28_abb06,2022_04_28,1,14,sol_offset,242490
2022_04_28_abb06,2022_04_28,1,15,spout_retracted,244399
2022_04_28_abb06,2022_04_28,1,11,break_engaged,244400
2022_04_28_abb06,2022_04_28,1,15,spout_retracted,244600
2022_04_28_abb06,2022_04_28,1,130,radial_in_pos,245300
2022_04_28_abb06,2022_04_28,1,13,spout_extended,252856
2022_04_28_abb06,2022_04_28,1,33,lick_03,253330
2022_04_28_abb06,2022_04_28,1,43,sol_onset_03,253330
2022_04_28_abb06,2022_04_28,1,14,sol_offset,253355
2022_04_28_abb06,2022_04_28,1,15,spout_retracted,255856
2022_04_28_abb06,2022_04_28,1,11,break_engaged,255857
2022_04_28_abb06,2022_04_28,1,15,spout_retracted,256057
2022_04_28_abb06,2022_04_28,1,130,radial_in_pos,256757
2022_04_28_abb06,2022_04_28,1,13,spout_extended,265554
2022_04_28_abb06,2022_04_28,1,31,lick,265969
2022_04_28_abb06,2022_04_28,1,41,sol_onset_01,265969
2022_04_28_abb06,2022_04_28,1,14,sol_offset,265987
2022_04_28_abb06,2022_04_28,1,31,lick,266108
2022_04_28_abb06,2022_04_28,1,41,sol_onset_01,266108
2022_04_28_abb06,2022_04_28,1,14,sol_offset,266126
2022_04_28_abb06,2022_04_28,1,15,spout_retracted,268554
2022_04_28_abb06,2022_04_28,1,11,break_engaged,268555
2022_04_28_abb06,2022_04_28,1,15,spout_retracted,268755
2022_04_28_abb06,2022_04_28,1,130,radial_in_pos,269455
2022_04_28_abb06,2022_04_28,1,13,spout_extended,278263
2022_04_28_abb06,2022_04_28,1,15,spout_retracted,281263
2022_04_28_abb06,2022_04_28,1,11,break_engaged,281264
2022_04_28_abb06,2022_04_28,1,15,spout_retracted,281464
2022_04_28_abb06,2022_04_28,1,130,radial_in_pos,282164
2022_04_28_abb06,2022_04_28,1,13,spout_extended,294046
2022_04_28_abb06,2022_04_28,1,35,lick_05,294973
2022_04_28_abb06,2022_04_28,1,45,sol_onset_05,294973
2022_04_28_abb06,2022_04_28,1,14,sol_offset,294984
2022_04_28_abb06,2022_04_28,1,35,lick_05,295123
2022_04_28_abb06,2022_04_28,1,45,sol_onset_05,295123
2022_04_28_abb06,2022_04_28,1,14,sol_offset,295134
2022_04_28_abb06,2022_04_28,1,35,lick_05,295387
2022_04_28_abb06,2022_04_28,1,45,sol_onset_05,295387
2022_04_28_abb06,2022_04_28,1,14,sol_offset,295398
2022_04_28_abb06,2022_04_28,1,35,lick_05,295534
2022_04_28_abb06,2022_04_28,1,45,sol_onset_05,295534
2022_04_28_abb06,2022_04_28,1,14,sol_offset,295545
2022_04_28_abb06,2022_04_28,1,35,lick_05,295668
2022_04_28_abb06,2022_04_28,1,45,sol_onset_05,295668
2022_04_28_abb06,2022_04_28,1,14,sol_offset,295680
2022_04_28_abb06,2022_04_28,1,35,lick_05,295800
2022_04_28_abb06,2022_04_28,1,45,sol_onset_05,295800
2022_04_28_abb06,2022_04_28,1,14,sol_offset,295811
2022_04_28_abb06,2022_04_28,1,35,lick_05,295902
2022_04_28_abb06,2022_04_28,1,45,sol_onset_05,295902
2022_04_28_abb06,2022_04_28,1,14,sol_offset,295913
2022_04_28_abb06,2022_04_28,1,35,lick_05,296044
2022_04_28_abb06,2022_04_28,1,45,sol_onset_05,296044
2022_04_28_abb06,2022_04_28,1,14,sol_offset,296055
2022_04_28_abb06,2022_04_28,1,35,lick_05,296175
2022_04_28_abb06,2022_04_28,1,45,sol_onset_05,296175
2022_04_28_abb06,2022_04_28,1,14,sol_offset,296186
2022_04_28_abb06,2022_04_28,1,35,lick_05,296311
2022_04_28_abb06,2022_04_28,1,45,sol_onset_05,296311
2022_04_28_abb06,2022_04_28,1,14,sol_offset,296322
2022_04_28_abb06,2022_04_28,1,35,lick_05,296434
2022_04_28_abb06,2022_04_28,1,45,sol_onset_05,296434
2022_04_28_abb06,2022_04_28,1,14,sol_offset,296445
2022_04_28_abb06,2022_04_28,1,35,lick_05,296590
2022_04_28_abb06,2022_04_28,1,45,sol_onset_05,296590
2022_04_28_abb06,2022_04_28,1,14,sol_offset,296601
2022_04_28_abb06,2022_04_28,1,35,lick_05,296709
2022_04_28_abb06,2022_04_28,1,45,sol_onset_05,296709
2022_04_28_abb06,2022_04_28,1,14,sol_offset,296720
2022_04_28_abb06,2022_04_28,1,35,lick_05,296871
2022_04_28_abb06,2022_04_28,1,45,sol_onset_05,296871
2022_04_28_abb06,2022_04_28,1,14,sol_offset,296882
2022_04_28_abb06,2022_04_28,1,35,lick_05,296987
2022_04_28_abb06,2022_04_28,1,45,sol_onset_05,296987
2022_04_28_abb06,2022_04_28,1,14,sol_offset,296998
2022_04_28_abb06,2022_04_28,1,15,spout_retracted,297046
2022_04_28_abb06,2022_04_28,1,11,break_engaged,297047
2022_04_28_abb06,2022_04_28,1,15,spout_retracted,297247
2022_04_28_abb06,2022_04_28,1,130,radial_in_pos,297947
2022_04_28_abb06,2022_04_28,1,13,spout_extended,309953
2022_04_28_abb06,2022_04_28,1,32,lick_02,310217
2022_04_28_abb06,2022_04_28,1,42,sol_onset_02,310217
2022_04_28_abb06,2022_04_28,1,14,sol_offset,310251
2022_04_28_abb06,2022_04_28,1,32,lick_02,310337
2022_04_28_abb06,2022_04_28,1,42,sol_onset_02,310337
2022_04_28_abb06,2022_04_28,1,14,sol_offset,310371
2022_04_28_abb06,2022_04_28,1,32,lick_02,310665
2022_04_28_abb06,2022_04_28,1,42,sol_onset_02,310665
2022_04_28_abb06,2022_04_28,1,14,sol_offset,310699
2022_04_28_abb06,2022_04_28,1,15,spout_retracted,312953
2022_04_28_abb06,2022_04_28,1,11,break_engaged,312954
2022_04_28_abb06,2022_04_28,1,15,spout_retracted,313154
2022_04_28_abb06,2022_04_28,1,130,radial_in_pos,313854
2022_04_28_abb06,2022_04_28,1,13,spout_extended,322457
2022_04_28_abb06,2022_04_28,1,15,spout_retracted,325457
2022_04_28_abb06,2022_04_28,1,11,break_engaged,325458
2022_04_28_abb06,2022_04_28,1,15,spout_retracted,325658
2022_04_28_abb06,2022_04_28,1,130,radial_in_pos,326358
2022_04_28_abb06,2022_04_28,1,13,spout_extended,334149
2022_04_28_abb06,2022_04_28,1,15,spout_retracted,337149
2022_04_28_abb06,2022_04_28,1,11,break_engaged,337150
2022_04_28_abb06,2022_04_28,1,15,spout_retracted,337350
2022_04_28_abb06,2022_04_28,1,130,radial_in_pos,338050
2022_04_28_abb06,2022_04_28,1,13,spout_extended,347334
2022_04_28_abb06,2022_04_28,1,31,lick,347711
2022_04_28_abb06,2022_04_28,1,41,sol_onset_01,347711
2022_04_28_abb06,2022_04_28,1,14,sol_offset,347729
2022_04_28_abb06,2022_04_28,1,31,lick,347862
2022_04_28_abb06,2022_04_28,1,41,sol_onset_01,347862
2022_04_28_abb06,2022_04_28,1,14,sol_offset,347880
2022_04_28_abb06,2022_04_28,1,31,lick,348051
2022_04_28_abb06,2022_04_28,1,41,sol_onset_01,348051
2022_04_28_abb06,2022_04_28,1,14,sol_offset,348069
2022_04_28_abb06,2022_04_28,1,15,spout_retracted,350334
2022_04_28_abb06,2022_04_28,1,11,break_engaged,350336
2022_04_28_abb06,2022_04_28,1,15,spout_retracted,350536
2022_04_28_abb06,2022_04_28,1,130,radial_in_pos,351236
2022_04_28_abb06,2022_04_28,1,13,spout_extended,358516
2022_04_28_abb06,2022_04_28,1,15,spout_retracted,361516
2022_04_28_abb06,2022_04_28,1,11,break_engaged,361517
2022_04_28_abb06,2022_04_28,1,15,spout_retracted,361717
2022_04_28_abb06,2022_04_28,1,130,radial_in_pos,362417
2022_04_28_abb06,2022_04_28,1,13,spout_extended,373016
2022_04_28_abb06,2022_04_28,1,32,lick_02,373376
2022_04_28_abb06,2022_04_28,1,42,sol_onset_02,373376
2022_04_28_abb06,2022_04_28,1,14,sol_offset,373410
2022_04_28_abb06,2022_04_28,1,32,lick_02,373484
2022_04_28_abb06,2022_04_28,1,42,sol_onset_02,373484
2022_04_28_abb06,2022_04_28,1,14,sol_offset,373518
2022_04_28_abb06,2022_04_28,1,32,lick_02,373604
2022_04_28_abb06,2022_04_28,1,42,sol_onset_02,373604
2022_04_28_abb06,2022_04_28,1,14,sol_offset,373638
2022_04_28_abb06,2022_04_28,1,32,lick_02,373720
2022_04_28_abb06,2022_04_28,1,42,sol_onset_02,373720
2022_04_28_abb06,2022_04_28,1,14,sol_offset,373754
2022_04_28_abb06,2022_04_28,1,32,lick_02,374044
2022_04_28_abb06,2022_04_28,1,42,sol_onset_02,374044
2022_04_28_abb06,2022_04_28,1,14,sol_offset,374078
2022_04_28_abb06,2022_04_28,1,32,lick_02,374141
2022_04_28_abb06,2022_04_28,1,42,sol_onset_02,374141
2022_04_28_abb06,2022_04_28,1,14,sol_offset,374175
2022_04_28_abb06,2022_04_28,1,32,lick_02,374327
2022_04_28_abb06,2022_04_28,1,42,sol_onset_02,374327
2022_04_28_abb06,2022_04_28,1,14,sol_offset,374361
2022_04_28_abb06,2022_04_28,1,15,spout_retracted,376016
2022_04_28_abb06,2022_04_28,1,11,break_engaged,376017
2022_04_28_abb06,2022_04_28,1,15,spout_retracted,376217
2022_04_28_abb06,2022_04_28,1,130,radial_in_pos,376918
2022_04_28_abb06,2022_04_28,1,13,spout_extended,387406
2022_04_28_abb06,2022_04_28,1,15,spout_retracted,390406
2022_04_28_abb06,2022_04_28,1,11,break_engaged,390407
2022_04_28_abb06,2022_04_28,1,15,spout_retracted,390607
2022_04_28_abb06,2022_04_28,1,130,radial_in_pos,391307
2022_04_28_abb06,2022_04_28,1,13,spout_extended,400036
2022_04_28_abb06,2022_04_28,1,15,spout_retracted,403036
2022_04_28_abb06,2022_04_28,1,11,break_engaged,403037
2022_04_28_abb06,2022_04_28,1,15,spout_retracted,403237
2022_04_28_abb06,2022_04_28,1,130,radial_in_pos,403937
2022_04_28_abb06,2022_04_28,1,13,spout_extended,413189
2022_04_28_abb06,2022_04_28,1,15,spout_retracted,416189
2022_04_28_abb06,2022_04_28,1,11,break_engaged,416190
2022_04_28_abb06,2022_04_28,1,15,spout_retracted,416390
2022_04_28_abb06,2022_04_28,1,130,radial_in_pos,417090
2022_04_28_abb06,2022_04_28,1,13,spout_extended,426151
2022_04_28_abb06,2022_04_28,1,15,spout_retracted,429151
2022_04_28_abb06,2022_04_28,1,11,break_engaged,429152
2022_04_28_abb06,2022_04_28,1,15,spout_retracted,429352
2022_04_28_abb06,2022_04_28,1,130,radial_in_pos,430052
2022_04_28_abb06,2022_04_28,1,13,spout_extended,440356
2022_04_28_abb06,2022_04_28,1,15,spout_retracted,443356
2022_04_28_abb06,2022_04_28,1,11,break_engaged,443357
2022_04_28_abb06,2022_04_28,1,15,spout_retracted,443557
2022_04_28_abb06,2022_04_28,1,130,radial_in_pos,444257
2022_04_28_abb06,2022_04_28,1,13,spout_extended,451666
2022_04_28_abb06,2022_04_28,1,15,spout_retracted,454666
2022_04_28_abb06,2022_04_28,1,11,break_engaged,454667
2022_04_28_abb06,2022_04_28,1,15,spout_retracted,454867
2022_04_28_abb06,2022_04_28,1,130,radial_in_pos,455567
2022_04_28_abb06,2022_04_28,1,13,spout_extended,465147
2022_04_28_abb06,2022_04_28,1,15,spout_retracted,468147
2022_04_28_abb06,2022_04_28,1,11,break_engaged,468148
2022_04_28_abb06,2022_04_28,1,15,spout_retracted,468348
2022_04_28_abb06,2022_04_28,1,130,radial_in_pos,469048
2022_04_28_abb06,2022_04_28,1,13,spout_extended,479087
2022_04_28_abb06,2022_04_28,1,15,spout_retracted,482087
2022_04_28_abb06,2022_04_28,1,11,break_engaged,482088
2022_04_28_abb06,2022_04_28,1,15,spout_retracted,482288
2022_04_28_abb06,2022_04_28,1,130,radial_in_pos,482988
2022_04_28_abb06,2022_04_28,1,13,spout_extended,495039
2022_04_28_abb06,2022_04_28,1,32,lick_02,495350
2022_04_28_abb06,2022_04_28,1,42,sol_onset_02,495350
2022_04_28_abb06,2022_04_28,1,14,sol_offset,495384
2022_04_28_abb06,2022_04_28,1,32,lick_02,495485
2022_04_28_abb06,2022_04_28,1,42,sol_onset_02,495485
2022_04_28_abb06,2022_04_28,1,14,sol_offset,495519
2022_04_28_abb06,2022_04_28,1,32,lick_02,495594
2022_04_28_abb06,2022_04_28,1,42,sol_onset_02,495594
2022_04_28_abb06,2022_04_28,1,14,sol_offset,495628
2022_04_28_abb06,2022_04_28,1,32,lick_02,495694
2022_04_28_abb06,2022_04_28,1,42,sol_onset_02,495694
2022_04_28_abb06,2022_04_28,1,14,sol_offset,495728
2022_04_28_abb06,2022_04_28,1,32,lick_02,495810
2022_04_28_abb06,2022_04_28,1,42,sol_onset_02,495810
2022_04_28_abb06,2022_04_28,1,14,sol_offset,495844
2022_04_28_abb06,2022_04_28,1,32,lick_02,497646
2022_04_28_abb06,2022_04_28,1,42,sol_onset_02,497646
2022_04_28_abb06,2022_04_28,1,14,sol_offset,497680
2022_04_28_abb06,2022_04_28,1,32,lick_02,497808
2022_04_28_abb06,2022_04_28,1,42,sol_onset_02,497808
2022_04_28_abb06,2022_04_28,1,14,sol_offset,497842
2022_04_28_abb06,2022_04_28,1,15,spout_retracted,498039
2022_04_28_abb06,2022_04_28,1,11,break_engaged,498040
2022_04_28_abb06,2022_04_28,1,15,spout_retracted,498240
2022_04_28_abb06,2022_04_28,1,130,radial_in_pos,498940
2022_04_28_abb06,2022_04_28,1,13,spout_extended,506047
2022_04_28_abb06,2022_04_28,1,35,lick_05,506341
2022_04_28_abb06,2022_04_28,1,45,sol_onset_05,506341
2022_04_28_abb06,2022_04_28,1,14,sol_offset,506352
2022_04_28_abb06,2022_04_28,1,35,lick_05,506483
2022_04_28_abb06,2022_04_28,1,45,sol_onset_05,506483
2022_04_28_abb06,2022_04_28,1,14,sol_offset,506494
2022_04_28_abb06,2022_04_28,1,35,lick_05,506635
2022_04_28_abb06,2022_04_28,1,45,sol_onset_05,506635
2022_04_28_abb06,2022_04_28,1,14,sol_offset,506646
2022_04_28_abb06,2022_04_28,1,35,lick_05,506762
2022_04_28_abb06,2022_04_28,1,45,sol_onset_05,506762
2022_04_28_abb06,2022_04_28,1,14,sol_offset,506773
2022_04_28_abb06,2022_04_28,1,35,lick_05,506893
2022_04_28_abb06,2022_04_28,1,45,sol_onset_05,506893
2022_04_28_abb06,2022_04_28,1,14,sol_offset,506904
2022_04_28_abb06,2022_04_28,1,35,lick_05,507025
2022_04_28_abb06,2022_04_28,1,45,sol_onset_05,507025
2022_04_28_abb06,2022_04_28,1,14,sol_offset,507036
2022_04_28_abb06,2022_04_28,1,35,lick_05,507180
2022_04_28_abb06,2022_04_28,1,45,sol_onset_05,507180
2022_04_28_abb06,2022_04_28,1,14,sol_offset,507191
2022_04_28_abb06,2022_04_28,1,35,lick_05,507299
2022_04_28_abb06,2022_04_28,1,45,sol_onset_05,507299
2022_04_28_abb06,2022_04_28,1,14,sol_offset,507310
2022_04_28_abb06,2022_04_28,1,35,lick_05,507415
2022_04_28_abb06,2022_04_28,1,45,sol_onset_05,507415
2022_04_28_abb06,2022_04_28,1,14,sol_offset,507426
2022_04_28_abb06,2022_04_28,1,35,lick_05,507543
2022_04_28_abb06,2022_04_28,1,45,sol_onset_05,507543
2022_04_28_abb06,2022_04_28,1,14,sol_offset,507554
2022_04_28_abb06,2022_04_28,1,35,lick_05,507674
2022_04_28_abb06,2022_04_28,1,45,sol_onset_05,507674
2022_04_28_abb06,2022_04_28,1,14,sol_offset,507685
2022_04_28_abb06,2022_04_28,1,35,lick_05,507829
2022_04_28_abb06,2022_04_28,1,45,sol_onset_05,507829
2022_04_28_abb06,2022_04_28,1,14,sol_offset,507840
2022_04_28_abb06,2022_04_28,1,35,lick_05,507949
2022_04_28_abb06,2022_04_28,1,45,sol_onset_05,507949
2022_04_28_abb06,2022_04_28,1,14,sol_offset,507960
2022_04_28_abb06,2022_04_28,1,35,lick_05,508103
2022_04_28_abb06,2022_04_28,1,45,sol_onset_05,508103
2022_04_28_abb06,2022_04_28,1,14,sol_offset,508114
2022_04_28_abb06,2022_04_28,1,35,lick_05,508230
2022_04_28_abb06,2022_04_28,1,45,sol_onset_05,508230
2022_04_28_abb06,2022_04_28,1,14,sol_offset,508241
2022_04_28_abb06,2022_04_28,1,35,lick_05,508382
2022_04_28_abb06,2022_04_28,1,45,sol_onset_05,508382
2022_04_28_abb06,2022_04_28,1,14,sol_offset,508393
2022_04_28_abb06,2022_04_28,1,35,lick_05,508525
2022_04_28_abb06,2022_04_28,1,45,sol_onset_05,508525
2022_04_28_abb06,2022_04_28,1,14,sol_offset,508536
2022_04_28_abb06,2022_04_28,1,35,lick_05,508667
2022_04_28_abb06,2022_04_28,1,45,sol_onset_05,508667
2022_04_28_abb06,2022_04_28,1,14,sol_offset,508678
2022_04_28_abb06,2022_04_28,1,35,lick_05,508798
2022_04_28_abb06,2022_04_28,1,45,sol_onset_05,508798
2022_04_28_abb06,2022_04_28,1,14,sol_offset,508809
2022_04_28_abb06,2022_04_28,1,35,lick_05,508945
2022_04_28_abb06,2022_04_28,1,45,sol_onset_05,508945
2022_04_28_abb06,2022_04_28,1,14,sol_offset,508956
2022_04_28_abb06,2022_04_28,1,15,spout_retracted,509047
2022_04_28_abb06,2022_04_28,1,11,break_engaged,509048
2022_04_28_abb06,2022_04_28,1,15,spout_retracted,509248
2022_04_28_abb06,2022_04_28,1,130,radial_in_pos,509948
2022_04_28_abb06,2022_04_28,1,13,spout_extended,517956
2022_04_28_abb06,2022_04_28,1,15,spout_retracted,520956
2022_04_28_abb06,2022_04_28,1,11,break_engaged,520957
2022_04_28_abb06,2022_04_28,1,15,spout_retracted,521157
2022_04_28_abb06,2022_04_28,1,130,radial_in_pos,521857
2022_04_28_abb06,2022_04_28,1,13,spout_extended,529372
2022_04_28_abb06,2022_04_28,1,15,spout_retracted,532372
2022_04_28_abb06,2022_04_28,1,11,break_engaged,532373
2022_04_28_abb06,2022_04_28,1,15,spout_retracted,532573
2022_04_28_abb06,2022_04_28,1,130,radial_in_pos,533273
2022_04_28_abb06,2022_04_28,1,13,spout_extended,540423
2022_04_28_abb06,2022_04_28,1,15,spout_retracted,543423
2022_04_28_abb06,2022_04_28,1,11,break_engaged,543424
2022_04_28_abb06,2022_04_28,1,15,spout_retracted,543624
2022_04_28_abb06,2022_04_28,1,130,radial_in_pos,544324
2022_04_28_abb06,2022_04_28,1,13,spout_extended,552220
2022_04_28_abb06,2022_04_28,1,15,spout_retracted,555220
2022_04_28_abb06,2022_04_28,1,11,break_engaged,555222
2022_04_28_abb06,2022_04_28,1,15,spout_retracted,555422
2022_04_28_abb06,2022_04_28,1,130,radial_in_pos,556122
2022_04_28_abb06,2022_04_28,1,13,spout_extended,566811
2022_04_28_abb06,2022_04_28,1,15,spout_retracted,569811
2022_04_28_abb06,2022_04_28,1,11,break_engaged,569812
2022_04_28_abb06,2022_04_28,1,15,spout_retracted,570012
2022_04_28_abb06,2022_04_28,1,130,radial_in_pos,570712
2022_04_28_abb06,2022_04_28,1,13,spout_extended,581685
2022_04_28_abb06,2022_04_28,1,32,lick_02,582010
2022_04_28_abb06,2022_04_28,1,42,sol_onset_02,582010
2022_04_28_abb06,2022_04_28,1,14,sol_offset,582044
2022_04_28_abb06,2022_04_28,1,32,lick_02,582212
2022_04_28_abb06,2022_04_28,1,42,sol_onset_02,582212
2022_04_28_abb06,2022_04_28,1,14,sol_offset,582246
2022_04_28_abb06,2022_04_28,1,32,lick_02,582420
2022_04_28_abb06,2022_04_28,1,42,sol_onset_02,582420
2022_04_28_abb06,2022_04_28,1,14,sol_offset,582454
2022_04_28_abb06,2022_04_28,1,15,spout_retracted,584685
2022_04_28_abb06,2022_04_28,1,11,break_engaged,584686
2022_04_28_abb06,2022_04_28,1,15,spout_retracted,584886
2022_04_28_abb06,2022_04_28,1,130,radial_in_pos,585586
2022_04_28_abb06,2022_04_28,1,13,spout_extended,593703
2022_04_28_abb06,2022_04_28,1,33,lick_03,594051
2022_04_28_abb06,2022_04_28,1,43,sol_onset_03,594051
2022_04_28_abb06,2022_04_28,1,14,sol_offset,594076
2022_04_28_abb06,2022_04_28,1,33,lick_03,594294
2022_04_28_abb06,2022_04_28,1,43,sol_onset_03,594294
2022_04_28_abb06,2022_04_28,1,14,sol_offset,594319
2022_04_28_abb06,2022_04_28,1,33,lick_03,594514
2022_04_28_abb06,2022_04_28,1,43,sol_onset_03,594514
2022_04_28_abb06,2022_04_28,1,14,sol_offset,594539
2022_04_28_abb06,2022_04_28,1,33,lick_03,594758
2022_04_28_abb06,2022_04_28,1,43,sol_onset_03,594758
2022_04_28_abb06,2022_04_28,1,14,sol_offset,594783
2022_04_28_abb06,2022_04_28,1,33,lick_03,594871
2022_04_28_abb06,2022_04_28,1,43,sol_onset_03,594871
2022_04_28_abb06,2022_04_28,1,14,sol_offset,594896
2022_04_28_abb06,2022_04_28,1,33,lick_03,595211
2022_04_28_abb06,2022_04_28,1,43,sol_onset_03,595211
2022_04_28_abb06,2022_04_28,1,14,sol_offset,595236
2022_04_28_abb06,2022_04_28,1,33,lick_03,596537
2022_04_28_abb06,2022_04_28,1,43,sol_onset_03,596537
2022_04_28_abb06,2022_04_28,1,14,sol_offset,596562
2022_04_28_abb06,2022_04_28,1,15,spout_retracted,596703
2022_04_28_abb06,2022_04_28,1,11,break_engaged,596704
2022_04_28_abb06,2022_04_28,1,15,spout_retracted,596904
2022_04_28_abb06,2022_04_28,1,130,radial_in_pos,597604
2022_04_28_abb06,2022_04_28,1,13,spout_extended,609605
2022_04_28_abb06,2022_04_28,1,15,spout_retracted,612605
2022_04_28_abb06,2022_04_28,1,11,break_engaged,612606
2022_04_28_abb06,2022_04_28,1,15,spout_retracted,612806
2022_04_28_abb06,2022_04_28,1,130,radial_in_pos,613506
2022_04_28_abb06,2022_04_28,1,13,spout_extended,624742
2022_04_28_abb06,2022_04_28,1,32,lick_02,625276
2022_04_28_abb06,2022_04_28,1,42,sol_onset_02,625276
2022_04_28_abb06,2022_04_28,1,14,sol_offset,625310
2022_04_28_abb06,2022_04_28,1,32,lick_02,625400
2022_04_28_abb06,2022_04_28,1,42,sol_onset_02,625400
2022_04_28_abb06,2022_04_28,1,14,sol_offset,625434
2022_04_28_abb06,2022_04_28,1,32,lick_02,625612
2022_04_28_abb06,2022_04_28,1,42,sol_onset_02,625612
2022_04_28_abb06,2022_04_28,1,14,sol_offset,625646
2022_04_28_abb06,2022_04_28,1,32,lick_02,625736
2022_04_28_abb06,2022_04_28,1,42,sol_onset_02,625736
2022_04_28_abb06,2022_04_28,1,14,sol_offset,625770
2022_04_28_abb06,2022_04_28,1,15,spout_retracted,627742
2022_04_28_abb06,2022_04_28,1,11,break_engaged,627743
2022_04_28_abb06,2022_04_28,1,15,spout_retracted,627943
2022_04_28_abb06,2022_04_28,1,130,radial_in_pos,628643
2022_04_28_abb06,2022_04_28,1,13,spout_extended,639787
2022_04_28_abb06,2022_04_28,1,15,spout_retracted,642787
2022_04_28_abb06,2022_04_28,1,11,break_engaged,642788
2022_04_28_abb06,2022_04_28,1,15,spout_retracted,642988
2022_04_28_abb06,2022_04_28,1,130,radial_in_pos,643688
2022_04_28_abb06,2022_04_28,1,13,spout_extended,651799
2022_04_28_abb06,2022_04_28,1,15,spout_retracted,654799
2022_04_28_abb06,2022_04_28,1,11,break_engaged,654800
2022_04_28_abb06,2022_04_28,1,15,spout_retracted,655000
2022_04_28_abb06,2022_04_28,1,130,radial_in_pos,655700
2022_04_28_abb06,2022_04_28,1,13,spout_extended,663783
2022_04_28_abb06,2022_04_28,1,15,spout_retracted,666783
2022_04_28_abb06,2022_04_28,1,11,break_engaged,666784
2022_04_28_abb06,2022_04_28,1,15,spout_retracted,666984
2022_04_28_abb06,2022_04_28,1,130,radial_in_pos,667684
2022_04_28_abb06,2022_04_28,1,13,spout_extended,676409
2022_04_28_abb06,2022_04_28,1,15,spout_retracted,679409
2022_04_28_abb06,2022_04_28,1,11,break_engaged,679410
2022_04_28_abb06,2022_04_28,1,15,spout_retracted,679610
2022_04_28_abb06,2022_04_28,1,130,radial_in_pos,680310
2022_04_28_abb06,2022_04_28,1,13,spout_extended,689748
2022_04_28_abb06,2022_04_28,1,15,spout_retracted,692748
2022_04_28_abb06,2022_04_28,1,11,break_engaged,692749
2022_04_28_abb06,2022_04_28,1,15,spout_retracted,692950
2022_04_28_abb06,2022_04_28,1,130,radial_in_pos,693650
2022_04_28_abb06,2022_04_28,1,13,spout_extended,702395
2022_04_28_abb06,2022_04_28,1,35,lick_05,705198
2022_04_28_abb06,2022_04_28,1,45,sol_onset_05,705198
2022_04_28_abb06,2022_04_28,1,14,sol_offset,705209
2022_04_28_abb06,2022_04_28,1,15,spout_retracted,705395
2022_04_28_abb06,2022_04_28,1,11,break_engaged,705396
2022_04_28_abb06,2022_04_28,1,15,spout_retracted,705596
2022_04_28_abb06,2022_04_28,1,130,radial_in_pos,706296
2022_04_28_abb06,2022_04_28,1,13,spout_extended,715043
2022_04_28_abb06,2022_04_28,1,15,spout_retracted,718043
2022_04_28_abb06,2022_04_28,1,11,break_engaged,718044
2022_04_28_abb06,2022_04_28,1,15,spout_retracted,718244
2022_04_28_abb06,2022_04_28,1,130,radial_in_pos,718944
2022_04_28_abb06,2022_04_28,1,13,spout_extended,726609
2022_04_28_abb06,2022_04_28,1,15,spout_retracted,729609
2022_04_28_abb06,2022_04_28,1,11,break_engaged,729610
2022_04_28_abb06,2022_04_28,1,15,spout_retracted,729810
2022_04_28_abb06,2022_04_28,1,130,radial_in_pos,730510
2022_04_28_abb06,2022_04_28,1,13,spout_extended,742032
2022_04_28_abb06,2022_04_28,1,15,spout_retracted,745032
2022_04_28_abb06,2022_04_28,1,11,break_engaged,745033
2022_04_28_abb06,2022_04_28,1,15,spout_retracted,745233
2022_04_28_abb06,2022_04_28,1,130,radial_in_pos,745933
2022_04_28_abb06,2022_04_28,1,13,spout_extended,755962
2022_04_28_abb06,2022_04_28,1,15,spout_retracted,758962
2022_04_28_abb06,2022_04_28,1,11,break_engaged,758963
2022_04_28_abb06,2022_04_28,1,15,spout_retracted,759163
2022_04_28_abb06,2022_04_28,1,130,radial_in_pos,759863
2022_04_28_abb06,2022_04_28,1,13,spout_extended,771947
2022_04_28_abb06,2022_04_28,1,15,spout_retracted,774947
2022_04_28_abb06,2022_04_28,1,11,break_engaged,774948
2022_04_28_abb06,2022_04_28,1,15,spout_retracted,775148
2022_04_28_abb06,2022_04_28,1,130,radial_in_pos,775848
2022_04_28_abb06,2022_04_28,1,13,spout_extended,785930
2022_04_28_abb06,2022_04_28,1,15,spout_retracted,788930
2022_04_28_abb06,2022_04_28,1,11,break_engaged,788931
2022_04_28_abb06,2022_04_28,1,15,spout_retracted,789131
2022_04_28_abb06,2022_04_28,1,130,radial_in_pos,789831
2022_04_28_abb06,2022_04_28,1,13,spout_extended,797729
2022_04_28_abb06,2022_04_28,1,15,spout_retracted,800729
2022_04_28_abb06,2022_04_28,1,11,break_engaged,800730
2022_04_28_abb06,2022_04_28,1,15,spout_retracted,800930
2022_04_28_abb06,2022_04_28,1,130,radial_in_pos,801630
2022_04_28_abb06,2022_04_28,1,13,spout_extended,809746
2022_04_28_abb06,2022_04_28,1,15,spout_retracted,812746
2022_04_28_abb06,2022_04_28,1,11,break_engaged,812747
2022_04_28_abb06,2022_04_28,1,15,spout_retracted,812947
2022_04_28_abb06,2022_04_28,1,130,radial_in_pos,813647
2022_04_28_abb06,2022_04_28,1,13,spout_extended,822633
2022_04_28_abb06,2022_04_28,1,15,spout_retracted,825633
2022_04_28_abb06,2022_04_28,1,11,break_engaged,825634
2022_04_28_abb06,2022_04_28,1,15,spout_retracted,825834
2022_04_28_abb06,2022_04_28,1,130,radial_in_pos,826534
2022_04_28_abb06,2022_04_28,1,13,spout_extended,835787
2022_04_28_abb06,2022_04_28,1,35,lick_05,836074
2022_04_28_abb06,2022_04_28,1,45,sol_onset_05,836074
2022_04_28_abb06,2022_04_28,1,14,sol_offset,836085
2022_04_28_abb06,2022_04_28,1,35,lick_05,836201
2022_04_28_abb06,2022_04_28,1,45,sol_onset_05,836201
2022_04_28_abb06,2022_04_28,1,14,sol_offset,836212
2022_04_28_abb06,2022_04_28,1,35,lick_05,836317
2022_04_28_abb06,2022_04_28,1,45,sol_onset_05,836317
2022_04_28_abb06,2022_04_28,1,14,sol_offset,836328
2022_04_28_abb06,2022_04_28,1,35,lick_05,836449
2022_04_28_abb06,2022_04_28,1,45,sol_onset_05,836449
2022_04_28_abb06,2022_04_28,1,14,sol_offset,836460
2022_04_28_abb06,2022_04_28,1,35,lick_05,836573
2022_04_28_abb06,2022_04_28,1,45,sol_onset_05,836573
2022_04_28_abb06,2022_04_28,1,14,sol_offset,836584
2022_04_28_abb06,2022_04_28,1,35,lick_05,836704
2022_04_28_abb06,2022_04_28,1,45,sol_onset_05,836704
2022_04_28_abb06,2022_04_28,1,14,sol_offset,836715
2022_04_28_abb06,2022_04_28,1,35,lick_05,836858
2022_04_28_abb06,2022_04_28,1,45,sol_onset_05,836858
2022_04_28_abb06,2022_04_28,1,14,sol_offset,836869
2022_04_28_abb06,2022_04_28,1,35,lick_05,836970
2022_04_28_abb06,2022_04_28,1,45,sol_onset_05,836970
2022_04_28_abb06,2022_04_28,1,14,sol_offset,836981
2022_04_28_abb06,2022_04_28,1,35,lick_05,837129
2022_04_28_abb06,2022_04_28,1,45,sol_onset_05,837129
2022_04_28_abb06,2022_04_28,1,14,sol_offset,837140
2022_04_28_abb06,2022_04_28,1,35,lick_05,837249
2022_04_28_abb06,2022_04_28,1,45,sol_onset_05,837249
2022_04_28_abb06,2022_04_28,1,14,sol_offset,837260
2022_04_28_abb06,2022_04_28,1,35,lick_05,837403
2022_04_28_abb06,2022_04_28,1,45,sol_onset_05,837403
2022_04_28_abb06,2022_04_28,1,14,sol_offset,837414
2022_04_28_abb06,2022_04_28,1,35,lick_05,837519
2022_04_28_abb06,2022_04_28,1,45,sol_onset_05,837519
2022_04_28_abb06,2022_04_28,1,14,sol_offset,837530
2022_04_28_abb06,2022_04_28,1,35,lick_05,837678
2022_04_28_abb06,2022_04_28,1,45,sol_onset_05,837678
2022_04_28_abb06,2022_04_28,1,14,sol_offset,837689
2022_04_28_abb06,2022_04_28,1,35,lick_05,837801
2022_04_28_abb06,2022_04_28,1,45,sol_onset_05,837801
2022_04_28_abb06,2022_04_28,1,14,sol_offset,837812
2022_04_28_abb06,2022_04_28,1,35,lick_05,837933
2022_04_28_abb06,2022_04_28,1,45,sol_onset_05,837933
2022_04_28_abb06,2022_04_28,1,14,sol_offset,837944
2022_04_28_abb06,2022_04_28,1,35,lick_05,838048
2022_04_28_abb06,2022_04_28,1,45,sol_onset_05,838048
2022_04_28_abb06,2022_04_28,1,14,sol_offset,838059
2022_04_28_abb06,2022_04_28,1,35,lick_05,838176
2022_04_28_abb06,2022_04_28,1,45,sol_onset_05,838176
2022_04_28_abb06,2022_04_28,1,14,sol_offset,838187
2022_04_28_abb06,2022_04_28,1,35,lick_05,838327
2022_04_28_abb06,2022_04_28,1,45,sol_onset_05,838327
2022_04_28_abb06,2022_04_28,1,14,sol_offset,838338
2022_04_28_abb06,2022_04_28,1,35,lick_05,838458
2022_04_28_abb06,2022_04_28,1,45,sol_onset_05,838458
2022_04_28_abb06,2022_04_28,1,14,sol_offset,838469
2022_04_28_abb06,2022_04_28,1,35,lick_05,838690
2022_04_28_abb06,2022_04_28,1,45,sol_onset_05,838690
2022_04_28_abb06,2022_04_28,1,14,sol_offset,838701
2022_04_28_abb06,2022_04_28,1,15,spout_retracted,838787
2022_04_28_abb06,2022_04_28,1,11,break_engaged,838788
2022_04_28_abb06,2022_04_28,1,15,spout_retracted,838988
2022_04_28_abb06,2022_04_28,1,130,radial_in_pos,839688
2022_04_28_abb06,2022_04_28,1,13,spout_extended,850659
2022_04_28_abb06,2022_04_28,1,15,spout_retracted,853659
2022_04_28_abb06,2022_04_28,1,11,break_engaged,853660
2022_04_28_abb06,2022_04_28,1,15,spout_retracted,853860
2022_04_28_abb06,2022_04_28,1,130,radial_in_pos,854560
2022_04_28_abb06,2022_04_28,1,13,spout_extended,862256
2022_04_28_abb06,2022_04_28,1,35,lick_05,862595
2022_04_28_abb06,2022_04_28,1,45,sol_onset_05,862595
2022_04_28_abb06,2022_04_28,1,14,sol_offset,862606
2022_04_28_abb06,2022_04_28,1,35,lick_05,862726
2022_04_28_abb06,2022_04_28,1,45,sol_onset_05,862726
2022_04_28_abb06,2022_04_28,1,14,sol_offset,862737
2022_04_28_abb06,2022_04_28,1,35,lick_05,862827
2022_04_28_abb06,2022_04_28,1,45,sol_onset_05,862827
2022_04_28_abb06,2022_04_28,1,14,sol_offset,862838
2022_04_28_abb06,2022_04_28,1,35,lick_05,862939
2022_04_28_abb06,2022_04_28,1,45,sol_onset_05,862939
2022_04_28_abb06,2022_04_28,1,14,sol_offset,862950
2022_04_28_abb06,2022_04_28,1,35,lick_05,863028
2022_04_28_abb06,2022_04_28,1,45,sol_onset_05,863028
2022_04_28_abb06,2022_04_28,1,14,sol_offset,863039
2022_04_28_abb06,2022_04_28,1,35,lick_05,863271
2022_04_28_abb06,2022_04_28,1,45,sol_onset_05,863271
2022_04_28_abb06,2022_04_28,1,14,sol_offset,863282
2022_04_28_abb06,2022_04_28,1,35,lick_05,863441
2022_04_28_abb06,2022_04_28,1,45,sol_onset_05,863441
2022_04_28_abb06,2022_04_28,1,14,sol_offset,863452
2022_04_28_abb06,2022_04_28,1,35,lick_05,863614
2022_04_28_abb06,2022_04_28,1,45,sol_onset_05,863614
2022_04_28_abb06,2022_04_28,1,14,sol_offset,863625
2022_04_28_abb06,2022_04_28,1,35,lick_05,863777
2022_04_28_abb06,2022_04_28,1,45,sol_onset_05,863777
2022_04_28_abb06,2022_04_28,1,14,sol_offset,863788
2022_04_28_abb06,2022_04_28,1,35,lick_05,863893
2022_04_28_abb06,2022_04_28,1,45,sol_onset_05,863893
2022_04_28_abb06,2022_04_28,1,14,sol_offset,863904
2022_04_28_abb06,2022_04_28,1,35,lick_05,864149
2022_04_28_abb06,2022_04_28,1,45,sol_onset_05,864149
2022_04_28_abb06,2022_04_28,1,14,sol_offset,864160
2022_04_28_abb06,2022_04_28,1,35,lick_05,864422
2022_04_28_abb06,2022_04_28,1,45,sol_onset_05,864422
2022_04_28_abb06,2022_04_28,1,14,sol_offset,864433
2022_04_28_abb06,2022_04_28,1,35,lick_05,864697
2022_04_28_abb06,2022_04_28,1,45,sol_onset_05,864697
2022_04_28_abb06,2022_04_28,1,14,sol_offset,864708
2022_04_28_abb06,2022_04_28,1,35,lick_05,864902
2022_04_28_abb06,2022_04_28,1,45,sol_onset_05,864902
2022_04_28_abb06,2022_04_28,1,14,sol_offset,864913
2022_04_28_abb06,2022_04_28,1,35,lick_05,865038
2022_04_28_abb06,2022_04_28,1,45,sol_onset_05,865038
2022_04_28_abb06,2022_04_28,1,14,sol_offset,865049
2022_04_28_abb06,2022_04_28,1,35,lick_05,865169
2022_04_28_abb06,2022_04_28,1,45,sol_onset_05,865169
2022_04_28_abb06,2022_04_28,1,14,sol_offset,865180
2022_04_28_abb06,2022_04_28,1,15,spout_retracted,865256
2022_04_28_abb06,2022_04_28,1,11,break_engaged,865257
2022_04_28_abb06,2022_04_28,1,15,spout_retracted,865457
2022_04_28_abb06,2022_04_28,1,130,radial_in_pos,866157
2022_04_28_abb06,2022_04_28,1,13,spout_extended,873846
2022_04_28_abb06,2022_04_28,1,31,lick,874204
2022_04_28_abb06,2022_04_28,1,41,sol_onset_01,874204
2022_04_28_abb06,2022_04_28,1,14,sol_offset,874222
2022_04_28_abb06,2022_04_28,1,31,lick,874335
2022_04_28_abb06,2022_04_28,1,41,sol_onset_01,874335
2022_04_28_abb06,2022_04_28,1,14,sol_offset,874353
2022_04_28_abb06,2022_04_28,1,31,lick,874509
2022_04_28_abb06,2022_04_28,1,41,sol_onset_01,874509
2022_04_28_abb06,2022_04_28,1,14,sol_offset,874527
2022_04_28_abb06,2022_04_28,1,31,lick,874663
2022_04_28_abb06,2022_04_28,1,41,sol_onset_01,874663
2022_04_28_abb06,2022_04_28,1,14,sol_offset,874681
2022_04_28_abb06,2022_04_28,1,31,lick,874787
2022_04_28_abb06,2022_04_28,1,41,sol_onset_01,874787
2022_04_28_abb06,2022_04_28,1,14,sol_offset,874805
2022_04_28_abb06,2022_04_28,1,15,spout_retracted,876846
2022_04_28_abb06,2022_04_28,1,11,break_engaged,876847
2022_04_28_abb06,2022_04_28,1,15,spout_retracted,877047
2022_04_28_abb06,2022_04_28,1,130,radial_in_pos,877747
2022_04_28_abb06,2022_04_28,1,13,spout_extended,885093
2022_04_28_abb06,2022_04_28,1,32,lick_02,885416
2022_04_28_abb06,2022_04_28,1,42,sol_onset_02,885416
2022_04_28_abb06,2022_04_28,1,14,sol_offset,885450
2022_04_28_abb06,2022_04_28,1,32,lick_02,885628
2022_04_28_abb06,2022_04_28,1,42,sol_onset_02,885628
2022_04_28_abb06,2022_04_28,1,14,sol_offset,885662
2022_04_28_abb06,2022_04_28,1,32,lick_02,885819
2022_04_28_abb06,2022_04_28,1,42,sol_onset_02,885819
2022_04_28_abb06,2022_04_28,1,14,sol_offset,885853
2022_04_28_abb06,2022_04_28,1,15,spout_retracted,888093
2022_04_28_abb06,2022_04_28,1,11,break_engaged,888094
2022_04_28_abb06,2022_04_28,1,15,spout_retracted,888294
2022_04_28_abb06,2022_04_28,1,130,radial_in_pos,888994
2022_04_28_abb06,2022_04_28,1,13,spout_extended,897709
2022_04_28_abb06,2022_04_28,1,33,lick_03,898034
2022_04_28_abb06,2022_04_28,1,43,sol_onset_03,898034
2022_04_28_abb06,2022_04_28,1,14,sol_offset,898059
2022_04_28_abb06,2022_04_28,1,33,lick_03,898246
2022_04_28_abb06,2022_04_28,1,43,sol_onset_03,898246
2022_04_28_abb06,2022_04_28,1,14,sol_offset,898271
2022_04_28_abb06,2022_04_28,1,33,lick_03,898467
2022_04_28_abb06,2022_04_28,1,43,sol_onset_03,898467
2022_04_28_abb06,2022_04_28,1,14,sol_offset,898492
2022_04_28_abb06,2022_04_28,1,33,lick_03,898614
2022_04_28_abb06,2022_04_28,1,43,sol_onset_03,898614
2022_04_28_abb06,2022_04_28,1,14,sol_offset,898639
2022_04_28_abb06,2022_04_28,1,33,lick_03,898819
2022_04_28_abb06,2022_04_28,1,43,sol_onset_03,898819
2022_04_28_abb06,2022_04_28,1,14,sol_offset,898844
2022_04_28_abb06,2022_04_28,1,33,lick_03,899487
2022_04_28_abb06,2022_04_28,1,43,sol_onset_03,899487
2022_04_28_abb06,2022_04_28,1,14,sol_offset,899512
2022_04_28_abb06,2022_04_28,1,15,spout_retracted,900709
2022_04_28_abb06,2022_04_28,1,11,break_engaged,900710
2022_04_28_abb06,2022_04_28,1,15,spout_retracted,900910
2022_04_28_abb06,2022_04_28,1,130,radial_in_pos,901610
2022_04_28_abb06,2022_04_28,1,13,spout_extended,912860
2022_04_28_abb06,2022_04_28,1,15,spout_retracted,915860
2022_04_28_abb06,2022_04_28,1,11,break_engaged,915861
2022_04_28_abb06,2022_04_28,1,15,spout_retracted,916061
2022_04_28_abb06,2022_04_28,1,130,radial_in_pos,916761
2022_04_28_abb06,2022_04_28,1,13,spout_extended,927091
2022_04_28_abb06,2022_04_28,1,15,spout_retracted,930091
2022_04_28_abb06,2022_04_28,1,11,break_engaged,930092
2022_04_28_abb06,2022_04_28,1,15,spout_retracted,930292
2022_04_28_abb06,2022_04_28,1,130,radial_in_pos,930992
2022_04_28_abb06,2022_04_28,1,13,spout_extended,940777
2022_04_28_abb06,2022_04_28,1,15,spout_retracted,943777
2022_04_28_abb06,2022_04_28,1,11,break_engaged,943778
2022_04_28_abb06,2022_04_28,1,15,spout_retracted,943978
2022_04_28_abb06,2022_04_28,1,130,radial_in_pos,944678
2022_04_28_abb06,2022_04_28,1,13,spout_extended,955362
2022_04_28_abb06,2022_04_28,1,15,spout_retracted,958362
2022_04_28_abb06,2022_04_28,1,11,break_engaged,958363
2022_04_28_abb06,2022_04_28,1,15,spout_retracted,958563
2022_04_28_abb06,2022_04_28,1,130,radial_in_pos,959263
2022_04_28_abb06,2022_04_28,1,13,spout_extended,969158
2022_04_28_abb06,2022_04_28,1,15,spout_retracted,972158
2022_04_28_abb06,2022_04_28,1,11,break_engaged,972160
2022_04_28_abb06,2022_04_28,1,15,spout_retracted,972360
2022_04_28_abb06,2022_04_28,1,130,radial_in_pos,973060
2022_04_28_abb06,2022_04_28,1,13,spout_extended,982623
2022_04_28_abb06,2022_04_28,1,32,lick_02,982944
2022_04_28_abb06,2022_04_28,1,42,sol_onset_02,982944
2022_04_28_abb06,2022_04_28,1,14,sol_offset,982978
2022_04_28_abb06,2022_04_28,1,32,lick_02,983075
2022_04_28_abb06,2022_04_28,1,42,sol_onset_02,983075
2022_04_28_abb06,2022_04_28,1,14,sol_offset,983109
2022_04_28_abb06,2022_04_28,1,32,lick_02,983226
2022_04_28_abb06,2022_04_28,1,42,sol_onset_02,983226
2022_04_28_abb06,2022_04_28,1,14,sol_offset,983260
2022_04_28_abb06,2022_04_28,1,32,lick_02,983342
2022_04_28_abb06,2022_04_28,1,42,sol_onset_02,983342
2022_04_28_abb06,2022_04_28,1,14,sol_offset,983376
2022_04_28_abb06,2022_04_28,1,32,lick_02,984580
2022_04_28_abb06,2022_04_28,1,42,sol_onset_02,984580
2022_04_28_abb06,2022_04_28,1,14,sol_offset,984614
2022_04_28_abb06,2022_04_28,1,15,spout_retracted,985623
2022_04_28_abb06,2022_04_28,1,11,break_engaged,985624
2022_04_28_abb06,2022_04_28,1,15,spout_retracted,985824
2022_04_28_abb06,2022_04_28,1,130,radial_in_pos,986524
2022_04_28_abb06,2022_04_28,1,13,spout_extended,996019
2022_04_28_abb06,2022_04_28,1,15,spout_retracted,999019
2022_04_28_abb06,2022_04_28,1,11,break_engaged,999020
2022_04_28_abb06,2022_04_28,1,15,spout_retracted,999220
2022_04_28_abb06,2022_04_28,1,130,radial_in_pos,999920
2022_04_28_abb06,2022_04_28,1,13,spout_extended,1007801
2022_04_28_abb06,2022_04_28,1,35,lick_05,1008242
2022_04_28_abb06,2022_04_28,1,45,sol_onset_05,1008242
2022_04_28_abb06,2022_04_28,1,14,sol_offset,1008253
2022_04_28_abb06,2022_04_28,1,35,lick_05,1008485
2022_04_28_abb06,2022_04_28,1,45,sol_onset_05,1008485
2022_04_28_abb06,2022_04_28,1,14,sol_offset,1008496
2022_04_28_abb06,2022_04_28,1,35,lick_05,1008628
2022_04_28_abb06,2022_04_28,1,45,sol_onset_05,1008628
2022_04_28_abb06,2022_04_28,1,14,sol_offset,1008640
2022_04_28_abb06,2022_04_28,1,35,lick_05,1008752
2022_04_28_abb06,2022_04_28,1,45,sol_onset_05,1008752
2022_04_28_abb06,2022_04_28,1,14,sol_offset,1008763
2022_04_28_abb06,2022_04_28,1,35,lick_05,1008891
2022_04_28_abb06,2022_04_28,1,45,sol_onset_05,1008891
2022_04_28_abb06,2022_04_28,1,14,sol_offset,1008902
2022_04_28_abb06,2022_04_28,1,35,lick_05,1009022
2022_04_28_abb06,2022_04_28,1,45,sol_onset_05,1009022
2022_04_28_abb06,2022_04_28,1,14,sol_offset,1009033
2022_04_28_abb06,2022_04_28,1,35,lick_05,1009146
2022_04_28_abb06,2022_04_28,1,45,sol_onset_05,1009146
2022_04_28_abb06,2022_04_28,1,14,sol_offset,1009157
2022_04_28_abb06,2022_04_28,1,35,lick_05,1009313
2022_04_28_abb06,2022_04_28,1,45,sol_onset_05,1009313
2022_04_28_abb06,2022_04_28,1,14,sol_offset,1009324
2022_04_28_abb06,2022_04_28,1,35,lick_05,1009440
2022_04_28_abb06,2022_04_28,1,45,sol_onset_05,1009440
2022_04_28_abb06,2022_04_28,1,14,sol_offset,1009451
2022_04_28_abb06,2022_04_28,1,35,lick_05,1009572
2022_04_28_abb06,2022_04_28,1,45,sol_onset_05,1009572
2022_04_28_abb06,2022_04_28,1,14,sol_offset,1009583
2022_04_28_abb06,2022_04_28,1,35,lick_05,1009703
2022_04_28_abb06,2022_04_28,1,45,sol_onset_05,1009703
2022_04_28_abb06,2022_04_28,1,14,sol_offset,1009714
2022_04_28_abb06,2022_04_28,1,35,lick_05,1009839
2022_04_28_abb06,2022_04_28,1,45,sol_onset_05,1009839
2022_04_28_abb06,2022_04_28,1,14,sol_offset,1009850
2022_04_28_abb06,2022_04_28,1,35,lick_05,1009970
2022_04_28_abb06,2022_04_28,1,45,sol_onset_05,1009970
2022_04_28_abb06,2022_04_28,1,14,sol_offset,1009981
2022_04_28_abb06,2022_04_28,1,35,lick_05,1010105
2022_04_28_abb06,2022_04_28,1,45,sol_onset_05,1010105
2022_04_28_abb06,2022_04_28,1,14,sol_offset,1010116
2022_04_28_abb06,2022_04_28,1,35,lick_05,1010276
2022_04_28_abb06,2022_04_28,1,45,sol_onset_05,1010276
2022_04_28_abb06,2022_04_28,1,14,sol_offset,1010287
2022_04_28_abb06,2022_04_28,1,35,lick_05,1010414
2022_04_28_abb06,2022_04_28,1,45,sol_onset_05,1010414
2022_04_28_abb06,2022_04_28,1,14,sol_offset,1010425
2022_04_28_abb06,2022_04_28,1,35,lick_05,1010673
2022_04_28_abb06,2022_04_28,1,45,sol_onset_05,1010673
2022_04_28_abb06,2022_04_28,1,14,sol_offset,1010684
2022_04_28_abb06,2022_04_28,1,35,lick_05,1010797
2022_04_28_abb06,2022_04_28,1,45,sol_onset_05,1010797
2022_04_28_abb06,2022_04_28,1,15,spout_retracted,1010801
2022_04_28_abb06,2022_04_28,1,11,break_engaged,1010802
2022_04_28_abb06,2022_04_28,1,14,sol_offset,1010808
2022_04_28_abb06,2022_04_28,1,15,spout_retracted,1011002
2022_04_28_abb06,2022_04_28,1,130,radial_in_pos,1011702
2022_04_28_abb06,2022_04_28,1,13,spout_extended,1020374
2022_04_28_abb06,2022_04_28,1,32,lick_02,1020657
2022_04_28_abb06,2022_04_28,1,42,sol_onset_02,1020657
2022_04_28_abb06,2022_04_28,1,14,sol_offset,1020691
2022_04_28_abb06,2022_04_28,1,32,lick_02,1020788
2022_04_28_abb06,2022_04_28,1,42,sol_onset_02,1020788
2022_04_28_abb06,2022_04_28,1,14,sol_offset,1020822
2022_04_28_abb06,2022_04_28,1,32,lick_02,1020924
2022_04_28_abb06,2022_04_28,1,42,sol_onset_02,1020924
2022_04_28_abb06,2022_04_28,1,14,sol_offset,1020958
2022_04_28_abb06,2022_04_28,1,15,spout_retracted,1023374
2022_04_28_abb06,2022_04_28,1,11,break_engaged,1023375
2022_04_28_abb06,2022_04_28,1,15,spout_retracted,1023575
2022_04_28_abb06,2022_04_28,1,130,radial_in_pos,1024275
2022_04_28_abb06,2022_04_28,1,13,spout_extended,1034092
2022_04_28_abb06,2022_04_28,1,15,spout_retracted,1037092
2022_04_28_abb06,2022_04_28,1,11,break_engaged,1037093
2022_04_28_abb06,2022_04_28,1,15,spout_retracted,1037293
2022_04_28_abb06,2022_04_28,1,130,radial_in_pos,1037993
2022_04_28_abb06,2022_04_28,1,13,spout_extended,1049362
2022_04_28_abb06,2022_04_28,1,15,spout_retracted,1052362
2022_04_28_abb06,2022_04_28,1,11,break_engaged,1052363
2022_04_28_abb06,2022_04_28,1,15,spout_retracted,1052563
2022_04_28_abb06,2022_04_28,1,130,radial_in_pos,1053263
2022_04_28_abb06,2022_04_28,1,13,spout_extended,1062467
2022_04_28_abb06,2022_04_28,1,31,lick,1062744
2022_04_28_abb06,2022_04_28,1,41,sol_onset_01,1062744
2022_04_28_abb06,2022_04_28,1,14,sol_offset,1062762
2022_04_28_abb06,2022_04_28,1,31,lick,1063034
2022_04_28_abb06,2022_04_28,1,41,sol_onset_01,1063034
2022_04_28_abb06,2022_04_28,1,14,sol_offset,1063052
2022_04_28_abb06,2022_04_28,1,31,lick,1063189
2022_04_28_abb06,2022_04_28,1,41,sol_onset_01,1063189
2022_04_28_abb06,2022_04_28,1,14,sol_offset,1063207
2022_04_28_abb06,2022_04_28,1,15,spout_retracted,1065467
2022_04_28_abb06,2022_04_28,1,11,break_engaged,1065468
2022_04_28_abb06,2022_04_28,1,15,spout_retracted,1065668
2022_04_28_abb06,2022_04_28,1,130,radial_in_pos,1066368
2022_04_28_abb06,2022_04_28,1,13,spout_extended,1077419
2022_04_28_abb06,2022_04_28,1,15,spout_retracted,1080419
2022_04_28_abb06,2022_04_28,1,11,break_engaged,1080420
2022_04_28_abb06,2022_04_28,1,15,spout_retracted,1080620
2022_04_28_abb06,2022_04_28,1,130,radial_in_pos,1081320
2022_04_28_abb06,2022_04_28,1,13,spout_extended,1090152
2022_04_28_abb06,2022_04_28,1,15,spout_retracted,1093152
2022_04_28_abb06,2022_04_28,1,11,break_engaged,1093153
2022_04_28_abb06,2022_04_28,1,15,spout_retracted,1093353
2022_04_28_abb06,2022_04_28,1,130,radial_in_pos,1094053
2022_04_28_abb06,2022_04_28,1,13,spout_extended,1103634
2022_04_28_abb06,2022_04_28,1,15,spout_retracted,1106634
2022_04_28_abb06,2022_04_28,1,11,break_engaged,1106635
2022_04_28_abb06,2022_04_28,1,15,spout_retracted,1106835
2022_04_28_abb06,2022_04_28,1,130,radial_in_pos,1107535
2022_04_28_abb06,2022_04_28,1,13,spout_extended,1119610
2022_04_28_abb06,2022_04_28,1,35,lick_05,1120246
2022_04_28_abb06,2022_04_28,1,45,sol_onset_05,1120246
2022_04_28_abb06,2022_04_28,1,14,sol_offset,1120257
2022_04_28_abb06,2022_04_28,1,35,lick_05,1120390
2022_04_28_abb06,2022_04_28,1,45,sol_onset_05,1120390
2022_04_28_abb06,2022_04_28,1,14,sol_offset,1120401
2022_04_28_abb06,2022_04_28,1,35,lick_05,1120513
2022_04_28_abb06,2022_04_28,1,45,sol_onset_05,1120513
2022_04_28_abb06,2022_04_28,1,14,sol_offset,1120524
2022_04_28_abb06,2022_04_28,1,35,lick_05,1120633
2022_04_28_abb06,2022_04_28,1,45,sol_onset_05,1120633
2022_04_28_abb06,2022_04_28,1,14,sol_offset,1120644
2022_04_28_abb06,2022_04_28,1,35,lick_05,1120752
2022_04_28_abb06,2022_04_28,1,45,sol_onset_05,1120752
2022_04_28_abb06,2022_04_28,1,14,sol_offset,1120763
2022_04_28_abb06,2022_04_28,1,35,lick_05,1120872
2022_04_28_abb06,2022_04_28,1,45,sol_onset_05,1120872
2022_04_28_abb06,2022_04_28,1,14,sol_offset,1120883
2022_04_28_abb06,2022_04_28,1,35,lick_05,1121027
2022_04_28_abb06,2022_04_28,1,45,sol_onset_05,1121027
2022_04_28_abb06,2022_04_28,1,14,sol_offset,1121038
2022_04_28_abb06,2022_04_28,1,35,lick_05,1121155
2022_04_28_abb06,2022_04_28,1,45,sol_onset_05,1121155
2022_04_28_abb06,2022_04_28,1,14,sol_offset,1121166
2022_04_28_abb06,2022_04_28,1,35,lick_05,1121274
2022_04_28_abb06,2022_04_28,1,45,sol_onset_05,1121274
2022_04_28_abb06,2022_04_28,1,14,sol_offset,1121285
2022_04_28_abb06,2022_04_28,1,35,lick_05,1121429
2022_04_28_abb06,2022_04_28,1,45,sol_onset_05,1121429
2022_04_28_abb06,2022_04_28,1,14,sol_offset,1121440
2022_04_28_abb06,2022_04_28,1,35,lick_05,1121537
2022_04_28_abb06,2022_04_28,1,45,sol_onset_05,1121537
2022_04_28_abb06,2022_04_28,1,14,sol_offset,1121548
2022_04_28_abb06,2022_04_28,1,35,lick_05,1121703
2022_04_28_abb06,2022_04_28,1,45,sol_onset_05,1121703
2022_04_28_abb06,2022_04_28,1,14,sol_offset,1121714
2022_04_28_abb06,2022_04_28,1,35,lick_05,1121819
2022_04_28_abb06,2022_04_28,1,45,sol_onset_05,1121819
2022_04_28_abb06,2022_04_28,1,14,sol_offset,1121830
2022_04_28_abb06,2022_04_28,1,35,lick_05,1121963
2022_04_28_abb06,2022_04_28,1,45,sol_onset_05,1121963
2022_04_28_abb06,2022_04_28,1,14,sol_offset,1121974
2022_04_28_abb06,2022_04_28,1,35,lick_05,1122078
2022_04_28_abb06,2022_04_28,1,45,sol_onset_05,1122078
2022_04_28_abb06,2022_04_28,1,14,sol_offset,1122089
2022_04_28_abb06,2022_04_28,1,35,lick_05,1122259
2022_04_28_abb06,2022_04_28,1,45,sol_onset_05,1122259
2022_04_28_abb06,2022_04_28,1,14,sol_offset,1122270
2022_04_28_abb06,2022_04_28,1,35,lick_05,1122410
2022_04_28_abb06,2022_04_28,1,45,sol_onset_05,1122410
2022_04_28_abb06,2022_04_28,1,14,sol_offset,1122421
2022_04_28_abb06,2022_04_28,1,35,lick_05,1122511
2022_04_28_abb06,2022_04_28,1,45,sol_onset_05,1122511
2022_04_28_abb06,2022_04_28,1,14,sol_offset,1122522
2022_04_28_abb06,2022_04_28,1,15,spout_retracted,1122610
2022_04_28_abb06,2022_04_28,1,11,break_engaged,1122611
2022_04_28_abb06,2022_04_28,1,15,spout_retracted,1122811
2022_04_28_abb06,2022_04_28,1,130,radial_in_pos,1123511
2022_04_28_abb06,2022_04_28,1,13,spout_extended,1134804
2022_04_28_abb06,2022_04_28,1,32,lick_02,1135123
2022_04_28_abb06,2022_04_28,1,42,sol_onset_02,1135123
2022_04_28_abb06,2022_04_28,1,14,sol_offset,1135157
2022_04_28_abb06,2022_04_28,1,32,lick_02,1135250
2022_04_28_abb06,2022_04_28,1,42,sol_onset_02,1135250
2022_04_28_abb06,2022_04_28,1,14,sol_offset,1135284
2022_04_28_abb06,2022_04_28,1,15,spout_retracted,1137804
2022_04_28_abb06,2022_04_28,1,11,break_engaged,1137805
2022_04_28_abb06,2022_04_28,1,15,spout_retracted,1138006
2022_04_28_abb06,2022_04_28,1,130,radial_in_pos,1138706
2022_04_28_abb06,2022_04_28,1,13,spout_extended,1149440
2022_04_28_abb06,2022_04_28,1,15,spout_retracted,1152440
2022_04_28_abb06,2022_04_28,1,11,break_engaged,1152441
2022_04_28_abb06,2022_04_28,1,15,spout_retracted,1152641
2022_04_28_abb06,2022_04_28,1,130,radial_in_pos,1153341
2022_04_28_abb06,2022_04_28,1,13,spout_extended,1162375
2022_04_28_abb06,2022_04_28,1,35,lick_05,1162771
2022_04_28_abb06,2022_04_28,1,45,sol_onset_05,1162771
2022_04_28_abb06,2022_04_28,1,14,sol_offset,1162782
2022_04_28_abb06,2022_04_28,1,35,lick_05,1162942
2022_04_28_abb06,2022_04_28,1,45,sol_onset_05,1162942
2022_04_28_abb06,2022_04_28,1,14,sol_offset,1162953
2022_04_28_abb06,2022_04_28,1,35,lick_05,1163096
2022_04_28_abb06,2022_04_28,1,45,sol_onset_05,1163096
2022_04_28_abb06,2022_04_28,1,14,sol_offset,1163107
2022_04_28_abb06,2022_04_28,1,35,lick_05,1163228
2022_04_28_abb06,2022_04_28,1,45,sol_onset_05,1163228
2022_04_28_abb06,2022_04_28,1,14,sol_offset,1163239
2022_04_28_abb06,2022_04_28,1,35,lick_05,1163367
2022_04_28_abb06,2022_04_28,1,45,sol_onset_05,1163367
2022_04_28_abb06,2022_04_28,1,14,sol_offset,1163378
2022_04_28_abb06,2022_04_28,1,35,lick_05,1163510
2022_04_28_abb06,2022_04_28,1,45,sol_onset_05,1163510
2022_04_28_abb06,2022_04_28,1,14,sol_offset,1163521
2022_04_28_abb06,2022_04_28,1,35,lick_05,1163699
2022_04_28_abb06,2022_04_28,1,45,sol_onset_05,1163699
2022_04_28_abb06,2022_04_28,1,14,sol_offset,1163710
2022_04_28_abb06,2022_04_28,1,35,lick_05,1163873
2022_04_28_abb06,2022_04_28,1,45,sol_onset_05,1163873
2022_04_28_abb06,2022_04_28,1,14,sol_offset,1163884
2022_04_28_abb06,2022_04_28,1,35,lick_05,1163993
2022_04_28_abb06,2022_04_28,1,45,sol_onset_05,1163993
2022_04_28_abb06,2022_04_28,1,14,sol_offset,1164004
2022_04_28_abb06,2022_04_28,1,35,lick_05,1164175
2022_04_28_abb06,2022_04_28,1,45,sol_onset_05,1164175
2022_04_28_abb06,2022_04_28,1,14,sol_offset,1164186
2022_04_28_abb06,2022_04_28,1,35,lick_05,1164328
2022_04_28_abb06,2022_04_28,1,45,sol_onset_05,1164328
2022_04_28_abb06,2022_04_28,1,14,sol_offset,1164339
2022_04_28_abb06,2022_04_28,1,35,lick_05,1164464
2022_04_28_abb06,2022_04_28,1,45,sol_onset_05,1164464
2022_04_28_abb06,2022_04_28,1,14,sol_offset,1164475
2022_04_28_abb06,2022_04_28,1,35,lick_05,1164650
2022_04_28_abb06,2022_04_28,1,45,sol_onset_05,1164650
2022_04_28_abb06,2022_04_28,1,14,sol_offset,1164661
2022_04_28_abb06,2022_04_28,1,35,lick_05,1164793
2022_04_28_abb06,2022_04_28,1,45,sol_onset_05,1164793
2022_04_28_abb06,2022_04_28,1,14,sol_offset,1164804
2022_04_28_abb06,2022_04_28,1,35,lick_05,1165009
2022_04_28_abb06,2022_04_28,1,45,sol_onset_05,1165009
2022_04_28_abb06,2022_04_28,1,14,sol_offset,1165020
2022_04_28_abb06,2022_04_28,1,35,lick_05,1165153
2022_04_28_abb06,2022_04_28,1,45,sol_onset_05,1165153
2022_04_28_abb06,2022_04_28,1,14,sol_offset,1165164
2022_04_28_abb06,2022_04_28,1,35,lick_05,1165319
2022_04_28_abb06,2022_04_28,1,45,sol_onset_05,1165319
2022_04_28_abb06,2022_04_28,1,14,sol_offset,1165330
2022_04_28_abb06,2022_04_28,1,15,spout_retracted,1165375
2022_04_28_abb06,2022_04_28,1,11,break_engaged,1165376
2022_04_28_abb06,2022_04_28,1,15,spout_retracted,1165576
2022_04_28_abb06,2022_04_28,1,130,radial_in_pos,1166276
2022_04_28_abb06,2022_04_28,1,13,spout_extended,1176762
2022_04_28_abb06,2022_04_28,1,33,lick_03,1177037
2022_04_28_abb06,2022_04_28,1,43,sol_onset_03,1177037
2022_04_28_abb06,2022_04_28,1,14,sol_offset,1177062
2022_04_28_abb06,2022_04_28,1,33,lick_03,1177168
2022_04_28_abb06,2022_04_28,1,43,sol_onset_03,1177168
2022_04_28_abb06,2022_04_28,1,14,sol_offset,1177193
2022_04_28_abb06,2022_04_28,1,33,lick_03,1177377
2022_04_28_abb06,2022_04_28,1,43,sol_onset_03,1177377
2022_04_28_abb06,2022_04_28,1,14,sol_offset,1177402
2022_04_28_abb06,2022_04_28,1,33,lick_03,1177548
2022_04_28_abb06,2022_04_28,1,43,sol_onset_03,1177548
2022_04_28_abb06,2022_04_28,1,14,sol_offset,1177573
2022_04_28_abb06,2022_04_28,1,15,spout_retracted,1179762
2022_04_28_abb06,2022_04_28,1,11,break_engaged,1179763
2022_04_28_abb06,2022_04_28,1,15,spout_retracted,1179963
2022_04_28_abb06,2022_04_28,1,130,radial_in_pos,1180663
2022_04_28_abb06,2022_04_28,1,13,spout_extended,1189650
2022_04_28_abb06,2022_04_28,1,33,lick_03,1189982
2022_04_28_abb06,2022_04_28,1,43,sol_onset_03,1189982
2022_04_28_abb06,2022_04_28,1,14,sol_offset,1190007
2022_04_28_abb06,2022_04_28,1,33,lick_03,1190218
2022_04_28_abb06,2022_04_28,1,43,sol_onset_03,1190218
2022_04_28_abb06,2022_04_28,1,14,sol_offset,1190243
2022_04_28_abb06,2022_04_28,1,33,lick_03,1190519
2022_04_28_abb06,2022_04_28,1,43,sol_onset_03,1190519
2022_04_28_abb06,2022_04_28,1,14,sol_offset,1190544
2022_04_28_abb06,2022_04_28,1,33,lick_03,1190639
2022_04_28_abb06,2022_04_28,1,43,sol_onset_03,1190639
2022_04_28_abb06,2022_04_28,1,14,sol_offset,1190664
2022_04_28_abb06,2022_04_28,1,15,spout_retracted,1192650
2022_04_28_abb06,2022_04_28,1,11,break_engaged,1192651
2022_04_28_abb06,2022_04_28,1,15,spout_retracted,1192851
2022_04_28_abb06,2022_04_28,1,130,radial_in_pos,1193551
2022_04_28_abb06,2022_04_28,1,13,spout_extended,1204083
2022_04_28_abb06,2022_04_28,1,15,spout_retracted,1207083
2022_04_28_abb06,2022_04_28,1,11,break_engaged,1207084
2022_04_28_abb06,2022_04_28,1,15,spout_retracted,1207284
2022_04_28_abb06,2022_04_28,1,130,radial_in_pos,1207984
2022_04_28_abb06,2022_04_28,1,13,spout_extended,1218537
2022_04_28_abb06,2022_04_28,1,15,spout_retracted,1221537
2022_04_28_abb06,2022_04_28,1,11,break_engaged,1221538
2022_04_28_abb06,2022_04_28,1,15,spout_retracted,1221738
2022_04_28_abb06,2022_04_28,1,130,radial_in_pos,1222438
2022_04_28_abb06,2022_04_28,1,13,spout_extended,1229868
2022_04_28_abb06,2022_04_28,1,15,spout_retracted,1232868
2022_04_28_abb06,2022_04_28,1,11,break_engaged,1232869
2022_04_28_abb06,2022_04_28,1,15,spout_retracted,1233069
2022_04_28_abb06,2022_04_28,1,130,radial_in_pos,1233769
2022_04_28_abb06,2022_04_28,1,13,spout_extended,1241257
2022_04_28_abb06,2022_04_28,1,15,spout_retracted,1244257
2022_04_28_abb06,2022_04_28,1,11,break_engaged,1244258
2022_04_28_abb06,2022_04_28,1,15,spout_retracted,1244459
2022_04_28_abb06,2022_04_28,1,130,radial_in_pos,1245159
2022_04_28_abb06,2022_04_28,1,13,spout_extended,1257098
2022_04_28_abb06,2022_04_28,1,15,spout_retracted,1260098
2022_04_28_abb06,2022_04_28,1,11,break_engaged,1260099
2022_04_28_abb06,2022_04_28,1,15,spout_retracted,1260299
2022_04_28_abb06,2022_04_28,1,130,radial_in_pos,1260999
2022_04_28_abb06,2022_04_28,1,13,spout_extended,1272212
2022_04_28_abb06,2022_04_28,1,15,spout_retracted,1275212
2022_04_28_abb06,2022_04_28,1,11,break_engaged,1275213
2022_04_28_abb06,2022_04_28,1,15,spout_retracted,1275413
2022_04_28_abb06,2022_04_28,1,130,radial_in_pos,1276113
2022_04_28_abb06,2022_04_28,1,13,spout_extended,1286859
2022_04_28_abb06,2022_04_28,1,15,spout_retracted,1289859
2022_04_28_abb06,2022_04_28,1,11,break_engaged,1289860
2022_04_28_abb06,2022_04_28,1,15,spout_retracted,1290060
2022_04_28_abb06,2022_04_28,1,130,radial_in_pos,1290760
2022_04_28_abb06,2022_04_28,1,13,spout_extended,1299652
2022_04_28_abb06,2022_04_28,1,31,lick,1300043
2022_04_28_abb06,2022_04_28,1,41,sol_onset_01,1300043
2022_04_28_abb06,2022_04_28,1,14,sol_offset,1300061
2022_04_28_abb06,2022_04_28,1,31,lick,1300221
2022_04_28_abb06,2022_04_28,1,41,sol_onset_01,1300221
2022_04_28_abb06,2022_04_28,1,14,sol_offset,1300239
2022_04_28_abb06,2022_04_28,1,31,lick,1300391
2022_04_28_abb06,2022_04_28,1,41,sol_onset_01,1300391
2022_04_28_abb06,2022_04_28,1,14,sol_offset,1300409
2022_04_28_abb06,2022_04_28,1,31,lick,1301694
2022_04_28_abb06,2022_04_28,1,41,sol_onset_01,1301694
2022_04_28_abb06,2022_04_28,1,14,sol_offset,1301712
2022_04_28_abb06,2022_04_28,1,31,lick,1301844
2022_04_28_abb06,2022_04_28,1,41,sol_onset_01,1301844
2022_04_28_abb06,2022_04_28,1,14,sol_offset,1301862
2022_04_28_abb06,2022_04_28,1,31,lick,1301961
2022_04_28_abb06,2022_04_28,1,41,sol_onset_01,1301961
2022_04_28_abb06,2022_04_28,1,14,sol_offset,1301979
2022_04_28_abb06,2022_04_28,1,15,spout_retracted,1302652
2022_04_28_abb06,2022_04_28,1,11,break_engaged,1302653
2022_04_28_abb06,2022_04_28,1,15,spout_retracted,1302853
2022_04_28_abb06,2022_04_28,1,130,radial_in_pos,1303553
2022_04_28_abb06,2022_04_28,1,13,spout_extended,1314483
2022_04_28_abb06,2022_04_28,1,31,lick,1314826
2022_04_28_abb06,2022_04_28,1,41,sol_onset_01,1314826
2022_04_28_abb06,2022_04_28,1,14,sol_offset,1314844
2022_04_28_abb06,2022_04_28,1,31,lick,1315054
2022_04_28_abb06,2022_04_28,1,41,sol_onset_01,1315054
2022_04_28_abb06,2022_04_28,1,14,sol_offset,1315072
2022_04_28_abb06,2022_04_28,1,31,lick,1315189
2022_04_28_abb06,2022_04_28,1,41,sol_onset_01,1315189
2022_04_28_abb06,2022_04_28,1,14,sol_offset,1315207
2022_04_28_abb06,2022_04_28,1,31,lick,1315592
2022_04_28_abb06,2022_04_28,1,41,sol_onset_01,1315592
2022_04_28_abb06,2022_04_28,1,14,sol_offset,1315610
2022_04_28_abb06,2022_04_28,1,15,spout_retracted,1317483
2022_04_28_abb06,2022_04_28,1,11,break_engaged,1317484
2022_04_28_abb06,2022_04_28,1,15,spout_retracted,1317684
2022_04_28_abb06,2022_04_28,1,130,radial_in_pos,1318384
2022_04_28_abb06,2022_04_28,1,13,spout_extended,1326663
2022_04_28_abb06,2022_04_28,1,15,spout_retracted,1329664
2022_04_28_abb06,2022_04_28,1,11,break_engaged,1336665
2022_04_28_abb06,2022_04_28,1,15,spout_retracted,1336665
2022_04_28_abb06,2022_04_28,1,0,end_session,1336665
